ncbi_isolation_source,Classification_v1,count,weight
feces of canada goose,Animal_meat,728.0,2.1801380383502047
fish gut metagenome,Animal_meat,728.0,2.1801380383502047
alpine goat rumen,Animal_meat,728.0,2.1801380383502047
animal,Animal_meat,728.0,2.1801380383502047
animal droppings,Animal_meat,728.0,2.1801380383502047
animal feces,Animal_meat,728.0,2.1801380383502047
animal feed,Animal_meat,728.0,2.1801380383502047
animal manure,Animal_meat,728.0,2.1801380383502047
ascetic fluid,Animal_meat,728.0,2.1801380383502047
ascitic fluid,Animal_meat,728.0,2.1801380383502047
beaked whales,Animal_meat,728.0,2.1801380383502047
beef carpaccio,Animal_meat,728.0,2.1801380383502047
beef from cattle peranakan ongole,Animal_meat,728.0,2.1801380383502047
beef meat,Animal_meat,728.0,2.1801380383502047
blazilian tapir feces,Animal_meat,728.0,2.1801380383502047
bone marrow,Animal_meat,728.0,2.1801380383502047
bovine feces,Animal_meat,728.0,2.1801380383502047
brain,Animal_meat,728.0,2.1801380383502047
broiler chick cecum,Animal_meat,728.0,2.1801380383502047
broiler fillet,Animal_meat,728.0,2.1801380383502047
broiler leg,Animal_meat,728.0,2.1801380383502047
broiler leg meat,Animal_meat,728.0,2.1801380383502047
bronchial washing,Animal_meat,728.0,2.1801380383502047
browm lemur feces,Animal_meat,728.0,2.1801380383502047
caecal content,Animal_meat,728.0,2.1801380383502047
caecal tissue,Animal_meat,728.0,2.1801380383502047
caecum,Animal_meat,728.0,2.1801380383502047
caecum mucosa from a healthy weaned piglet,Animal_meat,728.0,2.1801380383502047
canine feces,Animal_meat,728.0,2.1801380383502047
canis lupus familiaris feces,Animal_meat,728.0,2.1801380383502047
cattle waste-corn fermentation,Animal_meat,728.0,2.1801380383502047
cattle waste-corn fermentations,Animal_meat,728.0,2.1801380383502047
ceacal content,Animal_meat,728.0,2.1801380383502047
cecum,Animal_meat,728.0,2.1801380383502047
cecum contents,Animal_meat,728.0,2.1801380383502047
cecum matter of weanling rat after 6 hour fasting; s29,Animal_meat,728.0,2.1801380383502047
cecum of 6 weeks-old tunisian healthy chicken,Animal_meat,728.0,2.1801380383502047
cecum of a 56-year-old man,Animal_meat,728.0,2.1801380383502047
central venous catheter,Animal_meat,728.0,2.1801380383502047
chicken (gut),Animal_meat,728.0,2.1801380383502047
chicken breeding waste,Animal_meat,728.0,2.1801380383502047
chicken caeca 1,Animal_meat,728.0,2.1801380383502047
chicken caeca 2,Animal_meat,728.0,2.1801380383502047
chicken caeca 3,Animal_meat,728.0,2.1801380383502047
chicken caeca 5,Animal_meat,728.0,2.1801380383502047
chicken cecum,Animal_meat,728.0,2.1801380383502047
chicken crop,Animal_meat,728.0,2.1801380383502047
chicken feces,Animal_meat,728.0,2.1801380383502047
chicken gut metagenome,Animal_meat,728.0,2.1801380383502047
colon,Animal_meat,728.0,2.1801380383502047
cow dung,Animal_meat,728.0,2.1801380383502047
cow manure,Animal_meat,728.0,2.1801380383502047
cyst gastrointestinal,Animal_meat,728.0,2.1801380383502047
diabetes resistant rats,Animal_meat,728.0,2.1801380383502047
digestive flora (rat),Animal_meat,728.0,2.1801380383502047
digestive gland,Animal_meat,728.0,2.1801380383502047
equine gastrointestinal tract,Animal_meat,728.0,2.1801380383502047
esophagus aspirate,Animal_meat,728.0,2.1801380383502047
exoskeleton swab,Animal_meat,728.0,2.1801380383502047
feces of thoroughbred horse,Animal_meat,728.0,2.1801380383502047
feces; wild japanese wood mouse,Animal_meat,728.0,2.1801380383502047
foot pus,Animal_meat,728.0,2.1801380383502047
foregut,Animal_meat,728.0,2.1801380383502047
forestomach,Animal_meat,728.0,2.1801380383502047
fresh intestinal feces,Animal_meat,728.0,2.1801380383502047
gastric biopsies; stomach mucosa,Animal_meat,728.0,2.1801380383502047
gastrointestinal tract,Animal_meat,728.0,2.1801380383502047
gos pig 19 colon,Animal_meat,728.0,2.1801380383502047
gut,Animal_meat,728.0,2.1801380383502047
gut (caecum),Animal_meat,728.0,2.1801380383502047
gut (crop),Animal_meat,728.0,2.1801380383502047
gut (gi tract),Animal_meat,728.0,2.1801380383502047
gut (ileum),Animal_meat,728.0,2.1801380383502047
gut (lower gi),Animal_meat,728.0,2.1801380383502047
gut biopsy,Animal_meat,728.0,2.1801380383502047
gut content,Animal_meat,728.0,2.1801380383502047
gut mucosa,Animal_meat,728.0,2.1801380383502047
gut tissue,Animal_meat,728.0,2.1801380383502047
heads,Animal_meat,728.0,2.1801380383502047
healthy piglets,Animal_meat,728.0,2.1801380383502047
healthy weaning piglets,Animal_meat,728.0,2.1801380383502047
high oxygen packaged beef soup meat (+ 3 cd; spoiled),Animal_meat,728.0,2.1801380383502047
high oxygen packaged beef steak (+ 3 cd; spoiled),Animal_meat,728.0,2.1801380383502047
high oxygen packaged beef steak (day 8 after packaging),Animal_meat,728.0,2.1801380383502047
high oxygen packaged beef steak (injected with liquid seasoning; 4 %) (+ 4 cd; spoiled),Animal_meat,728.0,2.1801380383502047
high oxygen packaged beef steak (injected with liquid seasoning; 5 %) (+ 2 cd),Animal_meat,728.0,2.1801380383502047
high oxygen packaged beef steak (injected with liquid seasoning; 5 %) (+2 cd),Animal_meat,728.0,2.1801380383502047
high oxygen packaged pork steak (+ 1 cd),Animal_meat,728.0,2.1801380383502047
hog; anterior small intestinal contents,Animal_meat,728.0,2.1801380383502047
hog; small intestinal contents,Animal_meat,728.0,2.1801380383502047
horse git,Animal_meat,728.0,2.1801380383502047
horse meat,Animal_meat,728.0,2.1801380383502047
hot-dog,Animal_meat,728.0,2.1801380383502047
hunan smoked pork,Animal_meat,728.0,2.1801380383502047
ileal tissue,Animal_meat,728.0,2.1801380383502047
ileo-caecum,Animal_meat,728.0,2.1801380383502047
ileum,Animal_meat,728.0,2.1801380383502047
ileum; payer s patch,Animal_meat,728.0,2.1801380383502047
intestinal content,Animal_meat,728.0,2.1801380383502047
intestinal contents,Animal_meat,728.0,2.1801380383502047
intestinal contents of pig,Animal_meat,728.0,2.1801380383502047
intestinal lumen,Animal_meat,728.0,2.1801380383502047
intestinal shrimp,Animal_meat,728.0,2.1801380383502047
intestinal tract,Animal_meat,728.0,2.1801380383502047
intestine,Animal_meat,728.0,2.1801380383502047
jejunum,Animal_meat,728.0,2.1801380383502047
jejunum from mouse on 7% by weight (16% by calorie) soybean oil diet,Animal_meat,728.0,2.1801380383502047
jeotgal,Animal_meat,728.0,2.1801380383502047
loach,Animal_meat,728.0,2.1801380383502047
lohmann animal health,Animal_meat,728.0,2.1801380383502047
low-temperature meat products,Animal_meat,728.0,2.1801380383502047
lumen descending colon,Animal_meat,728.0,2.1801380383502047
lumen ileum,Animal_meat,728.0,2.1801380383502047
lumen transverse colon,Animal_meat,728.0,2.1801380383502047
marinated beef,Animal_meat,728.0,2.1801380383502047
meat,Animal_meat,728.0,2.1801380383502047
meat protective culture sacco lyocarni bmx-37,Animal_meat,728.0,2.1801380383502047
meat samples,Animal_meat,728.0,2.1801380383502047
mice cecum,Animal_meat,728.0,2.1801380383502047
mice gut,Animal_meat,728.0,2.1801380383502047
mid-vagina,Animal_meat,728.0,2.1801380383502047
mid-vaginal wall,Animal_meat,728.0,2.1801380383502047
minced pork and beef meat,Animal_meat,728.0,2.1801380383502047
modified atmosphere-packaged pork,Animal_meat,728.0,2.1801380383502047
modified-atmosphere packaged; tomato-marinated broiler meat strips,Animal_meat,728.0,2.1801380383502047
mouse,Animal_meat,728.0,2.1801380383502047
mouse faeces,Animal_meat,728.0,2.1801380383502047
mouse gut metagenome,Animal_meat,728.0,2.1801380383502047
pheasant chyme,Animal_meat,728.0,2.1801380383502047
pheasant; gastrointestinal tract,Animal_meat,728.0,2.1801380383502047
pig feces,Animal_meat,728.0,2.1801380383502047
pig gut metagenome,Animal_meat,728.0,2.1801380383502047
pig intestine,Animal_meat,728.0,2.1801380383502047
pig small intestine,Animal_meat,728.0,2.1801380383502047
piglet feces,Animal_meat,728.0,2.1801380383502047
porcine feces,Animal_meat,728.0,2.1801380383502047
pork and beef meat,Animal_meat,728.0,2.1801380383502047
pork faeces,Animal_meat,728.0,2.1801380383502047
pork meat,Animal_meat,728.0,2.1801380383502047
processed pork meat food product [foodon:00001241],Animal_meat,728.0,2.1801380383502047
proximal colon,Animal_meat,728.0,2.1801380383502047
rat (gut),Animal_meat,728.0,2.1801380383502047
rat; intestine,Animal_meat,728.0,2.1801380383502047
raw sausage,Animal_meat,728.0,2.1801380383502047
rectum,Animal_meat,728.0,2.1801380383502047
rectum of pig,Animal_meat,728.0,2.1801380383502047
ripening beef,Animal_meat,728.0,2.1801380383502047
rumen,Animal_meat,728.0,2.1801380383502047
rumen fluid,Animal_meat,728.0,2.1801380383502047
sliced vaccum-packed cold-smoked salmon,Animal_meat,728.0,2.1801380383502047
small bowel brush,Animal_meat,728.0,2.1801380383502047
small intestine,Animal_meat,728.0,2.1801380383502047
small intestine of sus scrofa domesticus,Animal_meat,728.0,2.1801380383502047
squirrel monkey feces,Animal_meat,728.0,2.1801380383502047
sus scrofa domesticus feces,Animal_meat,728.0,2.1801380383502047
swine intestine,Animal_meat,728.0,2.1801380383502047
swine s gut,Animal_meat,728.0,2.1801380383502047
thoroughbred horses,Animal_meat,728.0,2.1801380383502047
tilapia intestine,Animal_meat,728.0,2.1801380383502047
turkey feces,Animal_meat,728.0,2.1801380383502047
vacuum-packaged beef,Animal_meat,728.0,2.1801380383502047
vacuum-packed,Animal_meat,728.0,2.1801380383502047
vakuum-packaged beef,Animal_meat,728.0,2.1801380383502047
weaned piglets,Animal_meat,728.0,2.1801380383502047
adult bee gut,Bee,69.0,4.536332581949631
adult feces,Bee,69.0,4.536332581949631
adult honey bee worker gut,Bee,69.0,4.536332581949631
adult intestinal biopsy,Bee,69.0,4.536332581949631
adult intestine,Bee,69.0,4.536332581949631
adult midgut,Bee,69.0,4.536332581949631
asian hornet vespa velutina,Bee,69.0,4.536332581949631
bee,Bee,69.0,4.536332581949631
bee bread from apis cerana,Bee,69.0,4.536332581949631
bee bread of apis mellifera,Bee,69.0,4.536332581949631
bee food,Bee,69.0,4.536332581949631
bee gut,Bee,69.0,4.536332581949631
bee honey,Bee,69.0,4.536332581949631
beehive,Bee,69.0,4.536332581949631
beeswax,Bee,69.0,4.536332581949631
bumblebee gut,Bee,69.0,4.536332581949631
bumblebee; b. terrestris,Bee,69.0,4.536332581949631
chilean honey bees gut,Bee,69.0,4.536332581949631
european foulbrood infected honey bee larva,Bee,69.0,4.536332581949631
european foulbrood of honey bees-infected honey bee larva,Bee,69.0,4.536332581949631
european honey bee,Bee,69.0,4.536332581949631
heterotrigona itama honey,Bee,69.0,4.536332581949631
hive,Bee,69.0,4.536332581949631
hive honey comb,Bee,69.0,4.536332581949631
honey,Bee,69.0,4.536332581949631
honey bee midgut,Bee,69.0,4.536332581949631
honey from beehive,Bee,69.0,4.536332581949631
honeybee gut,Bee,69.0,4.536332581949631
honeybee gut (apis mellifera),Bee,69.0,4.536332581949631
pollen (bee bread) from beehive,Bee,69.0,4.536332581949631
1 cell from yogurt starter culture,Dairy_related,855.0,2.0193376176101303
10 weeks old 45+ samso cheese,Dairy_related,855.0,2.0193376176101303
acid camel milk,Dairy_related,855.0,2.0193376176101303
acid yak milk,Dairy_related,855.0,2.0193376176101303
aged cheddar cheese,Dairy_related,855.0,2.0193376176101303
argentinian hard cheese,Dairy_related,855.0,2.0193376176101303
artisanal dairy product,Dairy_related,855.0,2.0193376176101303
artisanal goat cheese,Dairy_related,855.0,2.0193376176101303
artisanal greek feta cheese,Dairy_related,855.0,2.0193376176101303
artisanal greek kefalograviera cheese,Dairy_related,855.0,2.0193376176101303
artisanal lactic starter (beaufort),Dairy_related,855.0,2.0193376176101303
artisanal lactic starter (for emmental cheese making),Dairy_related,855.0,2.0193376176101303
artisanal lactic starter (for grana padano cheese making),Dairy_related,855.0,2.0193376176101303
artisanal lactic starter (for gruyere de comte cheese making),Dairy_related,855.0,2.0193376176101303
artisanal lactic starter (for gruyere de comte cheese),Dairy_related,855.0,2.0193376176101303
artisanal lactic starter (grana padano),Dairy_related,855.0,2.0193376176101303
artisanal milk cheeses,Dairy_related,855.0,2.0193376176101303
artisanal raw-milk cheese,Dairy_related,855.0,2.0193376176101303
artisanal sour milk,Dairy_related,855.0,2.0193376176101303
artisanal yoghurt,Dairy_related,855.0,2.0193376176101303
blown cheese,Dairy_related,855.0,2.0193376176101303
borhani,Dairy_related,855.0,2.0193376176101303
bouhezza (fresh cheese),Dairy_related,855.0,2.0193376176101303
breast milk,Dairy_related,855.0,2.0193376176101303
bryndza cheese,Dairy_related,855.0,2.0193376176101303
bulgarian homemade fermented milk,Dairy_related,855.0,2.0193376176101303
camel milk products,Dairy_related,855.0,2.0193376176101303
cheddar cheese,Dairy_related,855.0,2.0193376176101303
cheese,Dairy_related,855.0,2.0193376176101303
cheese (blue type),Dairy_related,855.0,2.0193376176101303
cheese (boulettes d avesne),Dairy_related,855.0,2.0193376176101303
cheese (cantal),Dairy_related,855.0,2.0193376176101303
cheese (comt),Dairy_related,855.0,2.0193376176101303
cheese (domiati),Dairy_related,855.0,2.0193376176101303
cheese (emmental type),Dairy_related,855.0,2.0193376176101303
cheese (emmental),Dairy_related,855.0,2.0193376176101303
cheese (gruyre),Dairy_related,855.0,2.0193376176101303
cheese (majojero),Dairy_related,855.0,2.0193376176101303
cheese (morbier),Dairy_related,855.0,2.0193376176101303
cheese (pont l  eveque),Dairy_related,855.0,2.0193376176101303
cheese (pont l eveque),Dairy_related,855.0,2.0193376176101303
cheese (tamie; caw milk),Dairy_related,855.0,2.0193376176101303
cheese curd,Dairy_related,855.0,2.0193376176101303
cheese form cow s milk; sjenicki,Dairy_related,855.0,2.0193376176101303
cheese grana padano,Dairy_related,855.0,2.0193376176101303
cheese pickle,Dairy_related,855.0,2.0193376176101303
cheese planinski,Dairy_related,855.0,2.0193376176101303
cheese smear,Dairy_related,855.0,2.0193376176101303
cheese starter,Dairy_related,855.0,2.0193376176101303
cheese starter culture,Dairy_related,855.0,2.0193376176101303
chesse,Dairy_related,855.0,2.0193376176101303
commerically purchased yogurt starter culture; sequenced from 50 sorted cells,Dairy_related,855.0,2.0193376176101303
cow-milk,Dairy_related,855.0,2.0193376176101303
cream products,Dairy_related,855.0,2.0193376176101303
curd,Dairy_related,855.0,2.0193376176101303
curd (from farmer goat cheese),Dairy_related,855.0,2.0193376176101303
dadih (fermented buffalo milk),Dairy_related,855.0,2.0193376176101303
dahi,Dairy_related,855.0,2.0193376176101303
dahi (fermented milk),Dairy_related,855.0,2.0193376176101303
dahi fermented milk product,Dairy_related,855.0,2.0193376176101303
dahi; milk fermented,Dairy_related,855.0,2.0193376176101303
dairy,Dairy_related,855.0,2.0193376176101303
dairy environment air sample,Dairy_related,855.0,2.0193376176101303
dairy origin,Dairy_related,855.0,2.0193376176101303
dairy product,Dairy_related,855.0,2.0193376176101303
dairy product (yoghurt),Dairy_related,855.0,2.0193376176101303
dairy product (yogurt),Dairy_related,855.0,2.0193376176101303
dairy products,Dairy_related,855.0,2.0193376176101303
dairy starter,Dairy_related,855.0,2.0193376176101303
dairy starter culture,Dairy_related,855.0,2.0193376176101303
domiati cheese,Dairy_related,855.0,2.0193376176101303
dromedary milk,Dairy_related,855.0,2.0193376176101303
emmental,Dairy_related,855.0,2.0193376176101303
emmental cheese,Dairy_related,855.0,2.0193376176101303
fermented milk,Dairy_related,855.0,2.0193376176101303
fermented milk (kefir),Dairy_related,855.0,2.0193376176101303
fermented milk (koumiss; cow milk),Dairy_related,855.0,2.0193376176101303
fermented milk (laban),Dairy_related,855.0,2.0193376176101303
fermented milk (with bifidobacteria),Dairy_related,855.0,2.0193376176101303
fermented milk drink,Dairy_related,855.0,2.0193376176101303
fermented milk product,Dairy_related,855.0,2.0193376176101303
fermented milk product  chaka,Dairy_related,855.0,2.0193376176101303
fermented yoghurt,Dairy_related,855.0,2.0193376176101303
fresh curd cheese,Dairy_related,855.0,2.0193376176101303
fresh ewes milk,Dairy_related,855.0,2.0193376176101303
fresh milk,Dairy_related,855.0,2.0193376176101303
fresh smoked cheese,Dairy_related,855.0,2.0193376176101303
fromage domiati,Dairy_related,855.0,2.0193376176101303
goat cheese,Dairy_related,855.0,2.0193376176101303
goat cheese (raw milk),Dairy_related,855.0,2.0193376176101303
goat milk,Dairy_related,855.0,2.0193376176101303
goat milk cheese,Dairy_related,855.0,2.0193376176101303
goat milk products,Dairy_related,855.0,2.0193376176101303
greek kasseri cheese,Dairy_related,855.0,2.0193376176101303
gruyere,Dairy_related,855.0,2.0193376176101303
gruyere cheese,Dairy_related,855.0,2.0193376176101303
gruyere natural whey culture,Dairy_related,855.0,2.0193376176101303
handmade yogurt,Dairy_related,855.0,2.0193376176101303
home-made bulgarian yoghurt prepared without industrial starter cultures,Dairy_related,855.0,2.0193376176101303
home-made cheese,Dairy_related,855.0,2.0193376176101303
home-made cheese without pasteurization,Dairy_related,855.0,2.0193376176101303
home-made water kefir,Dairy_related,855.0,2.0193376176101303
home-made yogurt,Dairy_related,855.0,2.0193376176101303
homemade cheese,Dairy_related,855.0,2.0193376176101303
homemade dahi,Dairy_related,855.0,2.0193376176101303
homemade koumiss,Dairy_related,855.0,2.0193376176101303
homemade yoghurt,Dairy_related,855.0,2.0193376176101303
isolated from a traditional fermented dairy called dairy fan,Dairy_related,855.0,2.0193376176101303
kefir,Dairy_related,855.0,2.0193376176101303
kefir grain,Dairy_related,855.0,2.0193376176101303
kefir grains,Dairy_related,855.0,2.0193376176101303
kefir milk,Dairy_related,855.0,2.0193376176101303
kem complex,Dairy_related,855.0,2.0193376176101303
klila (mild-ripened cheese),Dairy_related,855.0,2.0193376176101303
kopanisti cheese,Dairy_related,855.0,2.0193376176101303
korean kefir,Dairy_related,855.0,2.0193376176101303
koumiss,Dairy_related,855.0,2.0193376176101303
koumiss (fermented mare s milk),Dairy_related,855.0,2.0193376176101303
kurut,Dairy_related,855.0,2.0193376176101303
lactic starter (emmental cheese),Dairy_related,855.0,2.0193376176101303
lactic starter (for yoghurt making),Dairy_related,855.0,2.0193376176101303
matsoni fermented milk product,Dairy_related,855.0,2.0193376176101303
mesophilic cheese starter cultures,Dairy_related,855.0,2.0193376176101303
milk,Dairy_related,855.0,2.0193376176101303
milk (reblochon),Dairy_related,855.0,2.0193376176101303
milk fan,Dairy_related,855.0,2.0193376176101303
milk fermentation,Dairy_related,855.0,2.0193376176101303
milk from animal14,Dairy_related,855.0,2.0193376176101303
milk from animal18,Dairy_related,855.0,2.0193376176101303
milk from animal19,Dairy_related,855.0,2.0193376176101303
milk from animal21,Dairy_related,855.0,2.0193376176101303
milk from animal22,Dairy_related,855.0,2.0193376176101303
milk from animal23,Dairy_related,855.0,2.0193376176101303
milk from animal24,Dairy_related,855.0,2.0193376176101303
milk from animal29,Dairy_related,855.0,2.0193376176101303
milk from female,Dairy_related,855.0,2.0193376176101303
milk product,Dairy_related,855.0,2.0193376176101303
milk products,Dairy_related,855.0,2.0193376176101303
milk sample,Dairy_related,855.0,2.0193376176101303
milk tofu,Dairy_related,855.0,2.0193376176101303
milk tooth,Dairy_related,855.0,2.0193376176101303
milking machine,Dairy_related,855.0,2.0193376176101303
montengrin brine cheese,Dairy_related,855.0,2.0193376176101303
motal cheese,Dairy_related,855.0,2.0193376176101303
mountain cheese,Dairy_related,855.0,2.0193376176101303
munster cheese,Dairy_related,855.0,2.0193376176101303
natural whey,Dairy_related,855.0,2.0193376176101303
natural whey culture,Dairy_related,855.0,2.0193376176101303
natural whey culture from gruyere cheese,Dairy_related,855.0,2.0193376176101303
new zealand cheese,Dairy_related,855.0,2.0193376176101303
ovine cheese,Dairy_related,855.0,2.0193376176101303
parmigiano reggiano cheese,Dairy_related,855.0,2.0193376176101303
pasteurized milk,Dairy_related,855.0,2.0193376176101303
pecorino toscano cheese,Dairy_related,855.0,2.0193376176101303
qinghai-tibet plateau traditional fermented yak yoghurt,Dairy_related,855.0,2.0193376176101303
raw cheese with rennet,Dairy_related,855.0,2.0193376176101303
raw cow milk,Dairy_related,855.0,2.0193376176101303
raw cow milk (from organic producers),Dairy_related,855.0,2.0193376176101303
raw cow milk (organic producers),Dairy_related,855.0,2.0193376176101303
raw milk,Dairy_related,855.0,2.0193376176101303
raw milk cheese,Dairy_related,855.0,2.0193376176101303
raw milk isolate,Dairy_related,855.0,2.0193376176101303
raw sheep milk,Dairy_related,855.0,2.0193376176101303
raw-milk cheese,Dairy_related,855.0,2.0193376176101303
rayeb (fermented milk),Dairy_related,855.0,2.0193376176101303
regional tybo cheese,Dairy_related,855.0,2.0193376176101303
rennin,Dairy_related,855.0,2.0193376176101303
sbrinz natural whey culture,Dairy_related,855.0,2.0193376176101303
semi-hard cheese,Dairy_related,855.0,2.0193376176101303
separation from traditional fermented cream,Dairy_related,855.0,2.0193376176101303
serdaleh,Dairy_related,855.0,2.0193376176101303
sheep milk,Dairy_related,855.0,2.0193376176101303
shubat,Dairy_related,855.0,2.0193376176101303
sichuan red original yak yogurt,Dairy_related,855.0,2.0193376176101303
sour milk,Dairy_related,855.0,2.0193376176101303
soured milk product,Dairy_related,855.0,2.0193376176101303
sturter culture kefirferment,Dairy_related,855.0,2.0193376176101303
sweet acidophilus milk,Dairy_related,855.0,2.0193376176101303
swiss alpine cheese,Dairy_related,855.0,2.0193376176101303
taleggio cheese,Dairy_related,855.0,2.0193376176101303
tibet kefir,Dairy_related,855.0,2.0193376176101303
tibetan kefir,Dairy_related,855.0,2.0193376176101303
tibetan traditional dairy products,Dairy_related,855.0,2.0193376176101303
tilsit,Dairy_related,855.0,2.0193376176101303
tilsit cheese,Dairy_related,855.0,2.0193376176101303
traditional cheese,Dairy_related,855.0,2.0193376176101303
traditional dairy product,Dairy_related,855.0,2.0193376176101303
traditional dairy products,Dairy_related,855.0,2.0193376176101303
traditional fermented dairy products,Dairy_related,855.0,2.0193376176101303
traditional fermented dairy products in inner mongolia,Dairy_related,855.0,2.0193376176101303
traditional fermented dairy products in inner mongolia of china,Dairy_related,855.0,2.0193376176101303
traditional fermented milk,Dairy_related,855.0,2.0193376176101303
traditional fermented yogurt made by herders in inner mongolia autonomous region,Dairy_related,855.0,2.0193376176101303
traditional greek kasseri cheese,Dairy_related,855.0,2.0193376176101303
traditional greek yogurt,Dairy_related,855.0,2.0193376176101303
traditional homemade dairy product,Dairy_related,855.0,2.0193376176101303
traditional slovenian cheese mohant,Dairy_related,855.0,2.0193376176101303
traditional yogurt,Dairy_related,855.0,2.0193376176101303
traditionally produced smoked fresh cheese,Dairy_related,855.0,2.0193376176101303
turkish cheese,Dairy_related,855.0,2.0193376176101303
undefined cheese starter culture,Dairy_related,855.0,2.0193376176101303
undefined mesophilic cheese starter culture,Dairy_related,855.0,2.0193376176101303
undefined natural whey starter,Dairy_related,855.0,2.0193376176101303
unpasteurized camembert cheese,Dairy_related,855.0,2.0193376176101303
whey (comte cheese),Dairy_related,855.0,2.0193376176101303
whey (from comte),Dairy_related,855.0,2.0193376176101303
whey (from farmer goat cheese),Dairy_related,855.0,2.0193376176101303
whey culture,Dairy_related,855.0,2.0193376176101303
whey from goat cheese,Dairy_related,855.0,2.0193376176101303
white cow cheese,Dairy_related,855.0,2.0193376176101303
wooden cheese container,Dairy_related,855.0,2.0193376176101303
yak fermented milk,Dairy_related,855.0,2.0193376176101303
yak milk,Dairy_related,855.0,2.0193376176101303
yoghourt,Dairy_related,855.0,2.0193376176101303
yoghurt,Dairy_related,855.0,2.0193376176101303
yoghurt (ewe milk),Dairy_related,855.0,2.0193376176101303
yogurt,Dairy_related,855.0,2.0193376176101303
yogurt fermentation,Dairy_related,855.0,2.0193376176101303
yogurt from local market,Dairy_related,855.0,2.0193376176101303
yogurt starter,Dairy_related,855.0,2.0193376176101303
yogurt-like dairy product,Dairy_related,855.0,2.0193376176101303
yogurts,Dairy_related,855.0,2.0193376176101303
naturally processed; home-made dairy foods from ecologically clean preserves; industrial pollution-free and chemically-untampered areas,Dairy_related,855.0,2.0193376176101303
air of cow shed,Environment,76.0,4.43970574626056
coffee plantation,Environment,76.0,4.43970574626056
distilled spirit fermenting cellar,Environment,76.0,4.43970574626056
distilled-spirit-fermenting cellar,Environment,76.0,4.43970574626056
distillery japungu of norteast brazil,Environment,76.0,4.43970574626056
drain,Environment,76.0,4.43970574626056
environment,Environment,76.0,4.43970574626056
environmental,Environment,76.0,4.43970574626056
environmental material [envo:00010483],Environment,76.0,4.43970574626056
envo:01001029,Environment,76.0,4.43970574626056
envo:02000043,Environment,76.0,4.43970574626056
envo:02000047,Environment,76.0,4.43970574626056
enzymes,Environment,76.0,4.43970574626056
food-contact surface,Environment,76.0,4.43970574626056
from a built environment,Environment,76.0,4.43970574626056
garden soil,Environment,76.0,4.43970574626056
municipal sewage,Environment,76.0,4.43970574626056
orchard soil,Environment,76.0,4.43970574626056
processing plant,Environment,76.0,4.43970574626056
rain forest,Environment,76.0,4.43970574626056
rhizospheric soil,Environment,76.0,4.43970574626056
salad blend,Environment,76.0,4.43970574626056
soil,Environment,76.0,4.43970574626056
south china sea,Environment,76.0,4.43970574626056
surface of a eutrophic freshwater pond,Environment,76.0,4.43970574626056
temperate decuduous forest biome soil,Environment,76.0,4.43970574626056
walls of a distilled spirit fermenting cellar,Environment,76.0,4.43970574626056
walls of a distilled-spirit-fermenting cellar,Environment,76.0,4.43970574626056
water,Environment,76.0,4.43970574626056
nectar,Flower,18.0,5.880067328650726
nectary,Flower,18.0,5.880067328650726
pollen provision,Flower,18.0,5.880067328650726
slender honey-myrtle,Flower,18.0,5.880067328650726
smooth fringe-myrtle,Flower,18.0,5.880067328650726
angelica gigas nakai root surface,Fruit/vegetable,300.0,3.0666566118906897
apple,Fruit/vegetable,300.0,3.0666566118906897
baking flour,Fruit/vegetable,300.0,3.0666566118906897
banana fruits,Fruit/vegetable,300.0,3.0666566118906897
barley,Fruit/vegetable,300.0,3.0666566118906897
beet pulp,Fruit/vegetable,300.0,3.0666566118906897
beetroot,Fruit/vegetable,300.0,3.0666566118906897
bell pepper,Fruit/vegetable,300.0,3.0666566118906897
birch sap,Fruit/vegetable,300.0,3.0666566118906897
blueberry,Fruit/vegetable,300.0,3.0666566118906897
brassica oleracea var. capitata cultivar varazdinski,Fruit/vegetable,300.0,3.0666566118906897
brines of olives,Fruit/vegetable,300.0,3.0666566118906897
brown flour teff injera,Fruit/vegetable,300.0,3.0666566118906897
brussel sprout,Fruit/vegetable,300.0,3.0666566118906897
cabbage,Fruit/vegetable,300.0,3.0666566118906897
cactus,Fruit/vegetable,300.0,3.0666566118906897
cactus ripe fruit,Fruit/vegetable,300.0,3.0666566118906897
celery,Fruit/vegetable,300.0,3.0666566118906897
chenopodium quinoa seeds,Fruit/vegetable,300.0,3.0666566118906897
chigee,Fruit/vegetable,300.0,3.0666566118906897
chili bowl,Fruit/vegetable,300.0,3.0666566118906897
cocoa beans,Fruit/vegetable,300.0,3.0666566118906897
dried ossban,Fruit/vegetable,300.0,3.0666566118906897
faba bean,Fruit/vegetable,300.0,3.0666566118906897
food,Fruit/vegetable,300.0,3.0666566118906897
fresh seeds,Fruit/vegetable,300.0,3.0666566118906897
fresh-cut apple,Fruit/vegetable,300.0,3.0666566118906897
fruit,Fruit/vegetable,300.0,3.0666566118906897
gochujang,Fruit/vegetable,300.0,3.0666566118906897
gourmet salad,Fruit/vegetable,300.0,3.0666566118906897
grass samples,Fruit/vegetable,300.0,3.0666566118906897
green chilli,Fruit/vegetable,300.0,3.0666566118906897
green onion,Fruit/vegetable,300.0,3.0666566118906897
grenache,Fruit/vegetable,300.0,3.0666566118906897
guangzhou mango,Fruit/vegetable,300.0,3.0666566118906897
honeydew melon,Fruit/vegetable,300.0,3.0666566118906897
honeydew of rye ear,Fruit/vegetable,300.0,3.0666566118906897
iceberg lettuce,Fruit/vegetable,300.0,3.0666566118906897
idli batter,Fruit/vegetable,300.0,3.0666566118906897
leaf,Fruit/vegetable,300.0,3.0666566118906897
leaves,Fruit/vegetable,300.0,3.0666566118906897
leaves of valencia orange leaf,Fruit/vegetable,300.0,3.0666566118906897
ogi (red sorghum),Fruit/vegetable,300.0,3.0666566118906897
olives,Fruit/vegetable,300.0,3.0666566118906897
orange,Fruit/vegetable,300.0,3.0666566118906897
orange lemonade,Fruit/vegetable,300.0,3.0666566118906897
paper mulberry,Fruit/vegetable,300.0,3.0666566118906897
parsnips,Fruit/vegetable,300.0,3.0666566118906897
pasture,Fruit/vegetable,300.0,3.0666566118906897
pasture gramineae,Fruit/vegetable,300.0,3.0666566118906897
pepper jangajji,Fruit/vegetable,300.0,3.0666566118906897
phyllosphere endophyte,Fruit/vegetable,300.0,3.0666566118906897
phyllosphere epiphyte,Fruit/vegetable,300.0,3.0666566118906897
pig feed from feed plant,Fruit/vegetable,300.0,3.0666566118906897
pineapple,Fruit/vegetable,300.0,3.0666566118906897
plant,Fruit/vegetable,300.0,3.0666566118906897
plant (cereals),Fruit/vegetable,300.0,3.0666566118906897
plant feed material,Fruit/vegetable,300.0,3.0666566118906897
pumiao rice noodle,Fruit/vegetable,300.0,3.0666566118906897
quinoa seeds,Fruit/vegetable,300.0,3.0666566118906897
radish,Fruit/vegetable,300.0,3.0666566118906897
raw vegetable,Fruit/vegetable,300.0,3.0666566118906897
rye,Fruit/vegetable,300.0,3.0666566118906897
shiraz,Fruit/vegetable,300.0,3.0666566118906897
spoiled sous-vide-cooked rutabaga (brassica napobrassica),Fruit/vegetable,300.0,3.0666566118906897
stem of the artificial agarwood,Fruit/vegetable,300.0,3.0666566118906897
sugar,Fruit/vegetable,300.0,3.0666566118906897
sugar cane,Fruit/vegetable,300.0,3.0666566118906897
sugar cane juice,Fruit/vegetable,300.0,3.0666566118906897
sugarcane factory,Fruit/vegetable,300.0,3.0666566118906897
sugary water,Fruit/vegetable,300.0,3.0666566118906897
sweet potato leaves,Fruit/vegetable,300.0,3.0666566118906897
table olives,Fruit/vegetable,300.0,3.0666566118906897
tofu whey,Fruit/vegetable,300.0,3.0666566118906897
tomato pulp,Fruit/vegetable,300.0,3.0666566118906897
tongue coating,Fruit/vegetable,300.0,3.0666566118906897
unripe fruit,Fruit/vegetable,300.0,3.0666566118906897
vegetable,Fruit/vegetable,300.0,3.0666566118906897
vegetable salad,Fruit/vegetable,300.0,3.0666566118906897
vegetables,Fruit/vegetable,300.0,3.0666566118906897
waxberry,Fruit/vegetable,300.0,3.0666566118906897
wheat,Fruit/vegetable,300.0,3.0666566118906897
wheat flour,Fruit/vegetable,300.0,3.0666566118906897
wheat flour; commercial,Fruit/vegetable,300.0,3.0666566118906897
wheat germ,Fruit/vegetable,300.0,3.0666566118906897
whey,Fruit/vegetable,300.0,3.0666566118906897
whole-plant corn silage,Fruit/vegetable,300.0,3.0666566118906897
wine grapes,Fruit/vegetable,300.0,3.0666566118906897
wolfberry,Fruit/vegetable,300.0,3.0666566118906897
mike cake,Fruit/vegetable  ,,
mother doughs of rye flour,Fruit/vegetable  ,,
mulberry,Fruit/vegetable  ,,
mushroom beds,Fruit/vegetable  ,,
must of bobal grape variety,Fruit/vegetable  ,,
fermented alorena table olives,Fruit/vegetable fermented,1283.0,1.6134827219312542
fermented bamboo shoot of northeast india,Fruit/vegetable fermented,1283.0,1.6134827219312542
fermented bamboo shoots,Fruit/vegetable fermented,1283.0,1.6134827219312542
fermented banana,Fruit/vegetable fermented,1283.0,1.6134827219312542
fermented beetroot,Fruit/vegetable fermented,1283.0,1.6134827219312542
fermented beets,Fruit/vegetable fermented,1283.0,1.6134827219312542
fermented beverages; wine,Fruit/vegetable fermented,1283.0,1.6134827219312542
fermented brine used for stinky tofu production,Fruit/vegetable fermented,1283.0,1.6134827219312542
fermented cabbage,Fruit/vegetable fermented,1283.0,1.6134827219312542
fermented camel milk,Fruit/vegetable fermented,1283.0,1.6134827219312542
fermented cane molasses at alcohol plants,Fruit/vegetable fermented,1283.0,1.6134827219312542
fermented cassava,Fruit/vegetable fermented,1283.0,1.6134827219312542
fermented cassava roots (fufu),Fruit/vegetable fermented,1283.0,1.6134827219312542
fermented cereal,Fruit/vegetable fermented,1283.0,1.6134827219312542
fermented cherry juice,Fruit/vegetable fermented,1283.0,1.6134827219312542
fermented cherry tomato,Fruit/vegetable fermented,1283.0,1.6134827219312542
fermented chinese cabbage,Fruit/vegetable fermented,1283.0,1.6134827219312542
fermented cow milk,Fruit/vegetable fermented,1283.0,1.6134827219312542
fermented cucumber liquid,Fruit/vegetable fermented,1283.0,1.6134827219312542
fermented drink,Fruit/vegetable fermented,1283.0,1.6134827219312542
fermented feeds,Fruit/vegetable fermented,1283.0,1.6134827219312542
fermented food,Fruit/vegetable fermented,1283.0,1.6134827219312542
fermented food (kim chi),Fruit/vegetable fermented,1283.0,1.6134827219312542
fermented fruit,Fruit/vegetable fermented,1283.0,1.6134827219312542
fermented goods,Fruit/vegetable fermented,1283.0,1.6134827219312542
fermented herbage,Fruit/vegetable fermented,1283.0,1.6134827219312542
fermented kimchi,Fruit/vegetable fermented,1283.0,1.6134827219312542
fermented lentils,Fruit/vegetable fermented,1283.0,1.6134827219312542
fermented maize gruel,Fruit/vegetable fermented,1283.0,1.6134827219312542
fermented mustard green,Fruit/vegetable fermented,1283.0,1.6134827219312542
fermented okpei-nsukka,Fruit/vegetable fermented,1283.0,1.6134827219312542
fermented okpei-onitsha,Fruit/vegetable fermented,1283.0,1.6134827219312542
fermented olive; commercial processor,Fruit/vegetable fermented,1283.0,1.6134827219312542
fermented olives,Fruit/vegetable fermented,1283.0,1.6134827219312542
fermented onions,Fruit/vegetable fermented,1283.0,1.6134827219312542
a bobal wine,Fruit/vegetable fermented,1283.0,1.6134827219312542
a traditional japanese pickle,Fruit/vegetable fermented,1283.0,1.6134827219312542
acid gruel,Fruit/vegetable fermented,1283.0,1.6134827219312542
acidified beer wort,Fruit/vegetable fermented,1283.0,1.6134827219312542
aglianico wines from vulture zone,Fruit/vegetable fermented,1283.0,1.6134827219312542
alfalfa silage,Fruit/vegetable fermented,1283.0,1.6134827219312542
amaranth sourdough,Fruit/vegetable fermented,1283.0,1.6134827219312542
anaerobic fermented cucumber slurry spoilage,Fruit/vegetable fermented,1283.0,1.6134827219312542
apple dumpster,Fruit/vegetable fermented,1283.0,1.6134827219312542
apple juice,Fruit/vegetable fermented,1283.0,1.6134827219312542
apple juice from cider press,Fruit/vegetable fermented,1283.0,1.6134827219312542
apple juice in fermentation (cider),Fruit/vegetable fermented,1283.0,1.6134827219312542
apple mash,Fruit/vegetable fermented,1283.0,1.6134827219312542
artisanal fermented pickle,Fruit/vegetable fermented,1283.0,1.6134827219312542
artisanal fermented pickles,Fruit/vegetable fermented,1283.0,1.6134827219312542
artisanal sauerkraut,Fruit/vegetable fermented,1283.0,1.6134827219312542
artisanal wheat sourdough,Fruit/vegetable fermented,1283.0,1.6134827219312542
autochthonous strain isolated from spontaneously fermented croatian s white cabbage brassica oleracea var. capitata cultivar varazdinski,Fruit/vegetable fermented,1283.0,1.6134827219312542
awa-bancha,Fruit/vegetable fermented,1283.0,1.6134827219312542
baechu-kimchi,Fruit/vegetable fermented,1283.0,1.6134827219312542
bakery starter,Fruit/vegetable fermented,1283.0,1.6134827219312542
baking leaven,Fruit/vegetable fermented,1283.0,1.6134827219312542
beer,Fruit/vegetable fermented,1283.0,1.6134827219312542
beer bottle from 1840 s shipwreck,Fruit/vegetable fermented,1283.0,1.6134827219312542
beer contaminant,Fruit/vegetable fermented,1283.0,1.6134827219312542
beer keg,Fruit/vegetable fermented,1283.0,1.6134827219312542
blueberry fermentation,Fruit/vegetable fermented,1283.0,1.6134827219312542
blueberry fermentation broth,Fruit/vegetable fermented,1283.0,1.6134827219312542
bobal wine,Fruit/vegetable fermented,1283.0,1.6134827219312542
bottled beer,Fruit/vegetable fermented,1283.0,1.6134827219312542
boza,Fruit/vegetable fermented,1283.0,1.6134827219312542
brazilian ethanol production industries,Fruit/vegetable fermented,1283.0,1.6134827219312542
brewer s spent grain,Fruit/vegetable fermented,1283.0,1.6134827219312542
brewery,Fruit/vegetable fermented,1283.0,1.6134827219312542
brewery environment,Fruit/vegetable fermented,1283.0,1.6134827219312542
brewery yeast,Fruit/vegetable fermented,1283.0,1.6134827219312542
brewery-associated surface,Fruit/vegetable fermented,1283.0,1.6134827219312542
brewing environment of maotai-flavor liquor,Fruit/vegetable fermented,1283.0,1.6134827219312542
brewing yeast sample,Fruit/vegetable fermented,1283.0,1.6134827219312542
brine from olive fermentation; commercial processor,Fruit/vegetable fermented,1283.0,1.6134827219312542
brine from table olives after 10 days of fermentation,Fruit/vegetable fermented,1283.0,1.6134827219312542
brine from table olives after 11 days of fermentation,Fruit/vegetable fermented,1283.0,1.6134827219312542
brine of stinky tofu,Fruit/vegetable fermented,1283.0,1.6134827219312542
brown algae kimchi (miyukkimchi),Fruit/vegetable fermented,1283.0,1.6134827219312542
cabbage kimchi,Fruit/vegetable fermented,1283.0,1.6134827219312542
cacao been fermentation,Fruit/vegetable fermented,1283.0,1.6134827219312542
cane juice,Fruit/vegetable fermented,1283.0,1.6134827219312542
cassava fermentation,Fruit/vegetable fermented,1283.0,1.6134827219312542
cassava sour starch fermentation,Fruit/vegetable fermented,1283.0,1.6134827219312542
castle waste-corn fermentation,Fruit/vegetable fermented,1283.0,1.6134827219312542
champagne,Fruit/vegetable fermented,1283.0,1.6134827219312542
chardonnay,Fruit/vegetable fermented,1283.0,1.6134827219312542
chardonnay wine,Fruit/vegetable fermented,1283.0,1.6134827219312542
chicha; maize-based fermented beverage,Fruit/vegetable fermented,1283.0,1.6134827219312542
chilean wine process,Fruit/vegetable fermented,1283.0,1.6134827219312542
chinese cabbage kimchi,Fruit/vegetable fermented,1283.0,1.6134827219312542
chinese fermented food-pickles,Fruit/vegetable fermented,1283.0,1.6134827219312542
chinese fermented vegetable; suan cai,Fruit/vegetable fermented,1283.0,1.6134827219312542
chinese pickle,Fruit/vegetable fermented,1283.0,1.6134827219312542
chinese pickles (in soy sauce),Fruit/vegetable fermented,1283.0,1.6134827219312542
chinese red wine,Fruit/vegetable fermented,1283.0,1.6134827219312542
chinese rice wine,Fruit/vegetable fermented,1283.0,1.6134827219312542
chinese sauerkraut,Fruit/vegetable fermented,1283.0,1.6134827219312542
chinese traditional fermented vegetable suan cai,Fruit/vegetable fermented,1283.0,1.6134827219312542
chinese traditional pickle,Fruit/vegetable fermented,1283.0,1.6134827219312542
chinese traditional pickle fermentation,Fruit/vegetable fermented,1283.0,1.6134827219312542
cider,Fruit/vegetable fermented,1283.0,1.6134827219312542
cocoa bean fermentation,Fruit/vegetable fermented,1283.0,1.6134827219312542
cocoa bean heap fermentation,Fruit/vegetable fermented,1283.0,1.6134827219312542
cocoa fermentation,Fruit/vegetable fermented,1283.0,1.6134827219312542
coconut juice,Fruit/vegetable fermented,1283.0,1.6134827219312542
coffee fermentation,Fruit/vegetable fermented,1283.0,1.6134827219312542
commercial fermented milk product (yakult),Fruit/vegetable fermented,1283.0,1.6134827219312542
commercial grape wine undergoing a sluggish/stuck alcoholic fermentation,Fruit/vegetable fermented,1283.0,1.6134827219312542
compost,Fruit/vegetable fermented,1283.0,1.6134827219312542
composting distilled shochu residue,Fruit/vegetable fermented,1283.0,1.6134827219312542
composting material of distilled shochu residue,Fruit/vegetable fermented,1283.0,1.6134827219312542
composting material of distilled shochun residue,Fruit/vegetable fermented,1283.0,1.6134827219312542
congee,Fruit/vegetable fermented,1283.0,1.6134827219312542
conversion residue fermenting bioreactor,Fruit/vegetable fermented,1283.0,1.6134827219312542
corn fermented beverage,Fruit/vegetable fermented,1283.0,1.6134827219312542
corn silage,Fruit/vegetable fermented,1283.0,1.6134827219312542
cucumber fermantation,Fruit/vegetable fermented,1283.0,1.6134827219312542
cucumber fermentation,Fruit/vegetable fermented,1283.0,1.6134827219312542
cucumber fermentation brine,Fruit/vegetable fermented,1283.0,1.6134827219312542
cucumber fermentation tank,Fruit/vegetable fermented,1283.0,1.6134827219312542
cucumber kimchi,Fruit/vegetable fermented,1283.0,1.6134827219312542
dandelion kimchi,Fruit/vegetable fermented,1283.0,1.6134827219312542
decomposed plant,Fruit/vegetable fermented,1283.0,1.6134827219312542
diced radish kimchi,Fruit/vegetable fermented,1283.0,1.6134827219312542
doenjang,Fruit/vegetable fermented,1283.0,1.6134827219312542
doenjang-meju,Fruit/vegetable fermented,1283.0,1.6134827219312542
doenjang(soybean paste),Fruit/vegetable fermented,1283.0,1.6134827219312542
dolo wort,Fruit/vegetable fermented,1283.0,1.6134827219312542
dongbei pickle,Fruit/vegetable fermented,1283.0,1.6134827219312542
dried beer yeast,Fruit/vegetable fermented,1283.0,1.6134827219312542
ethiopian kocho,Fruit/vegetable fermented,1283.0,1.6134827219312542
eup (fermented bamboo shoot),Fruit/vegetable fermented,1283.0,1.6134827219312542
fermented dairy,Fruit/vegetable fermented,1283.0,1.6134827219312542
fermented dairy product,Fruit/vegetable fermented,1283.0,1.6134827219312542
fermented dairy sample,Fruit/vegetable fermented,1283.0,1.6134827219312542
fermented goat milk,Fruit/vegetable fermented,1283.0,1.6134827219312542
fermented orange,Fruit/vegetable fermented,1283.0,1.6134827219312542
fermented pear,Fruit/vegetable fermented,1283.0,1.6134827219312542
fermented pepper,Fruit/vegetable fermented,1283.0,1.6134827219312542
fermented pickles,Fruit/vegetable fermented,1283.0,1.6134827219312542
fermented pulque,Fruit/vegetable fermented,1283.0,1.6134827219312542
fermented radish,Fruit/vegetable fermented,1283.0,1.6134827219312542
fermented residue,Fruit/vegetable fermented,1283.0,1.6134827219312542
fermented rice,Fruit/vegetable fermented,1283.0,1.6134827219312542
fermented rice beverage,Fruit/vegetable fermented,1283.0,1.6134827219312542
fermented rice bran paste,Fruit/vegetable fermented,1283.0,1.6134827219312542
fermented sourdough,Fruit/vegetable fermented,1283.0,1.6134827219312542
fermented soybean,Fruit/vegetable fermented,1283.0,1.6134827219312542
fermented soybean meal for swine,Fruit/vegetable fermented,1283.0,1.6134827219312542
fermented soybean paste,Fruit/vegetable fermented,1283.0,1.6134827219312542
fermented soybeans,Fruit/vegetable fermented,1283.0,1.6134827219312542
fermented table olives,Fruit/vegetable fermented,1283.0,1.6134827219312542
fermented tea leaves,Fruit/vegetable fermented,1283.0,1.6134827219312542
fermented tea leaves (miang),Fruit/vegetable fermented,1283.0,1.6134827219312542
fermented tomato (spoiled); commercial processor,Fruit/vegetable fermented,1283.0,1.6134827219312542
fermented turnib (shalgam),Fruit/vegetable fermented,1283.0,1.6134827219312542
fermented vegetable,Fruit/vegetable fermented,1283.0,1.6134827219312542
fermented vegetable (kimchi),Fruit/vegetable fermented,1283.0,1.6134827219312542
fermented vegetable extract,Fruit/vegetable fermented,1283.0,1.6134827219312542
fermented vegetable sample,Fruit/vegetable fermented,1283.0,1.6134827219312542
fermented vegetables,Fruit/vegetable fermented,1283.0,1.6134827219312542
fermented vegetebles,Fruit/vegetable fermented,1283.0,1.6134827219312542
fermented vinegar broth,Fruit/vegetable fermented,1283.0,1.6134827219312542
fermented wheat flour,Fruit/vegetable fermented,1283.0,1.6134827219312542
fermenting apple juice,Fruit/vegetable fermented,1283.0,1.6134827219312542
fermenting apple juice (cider),Fruit/vegetable fermented,1283.0,1.6134827219312542
fermenting string beans,Fruit/vegetable fermented,1283.0,1.6134827219312542
fermeted vegetable,Fruit/vegetable fermented,1283.0,1.6134827219312542
food (fermented),Fruit/vegetable fermented,1283.0,1.6134827219312542
food; beverage,Fruit/vegetable fermented,1283.0,1.6134827219312542
fu-tsai (a taiwan fermented mustard product),Fruit/vegetable fermented,1283.0,1.6134827219312542
fu-tsai (fermented vegetable; food),Fruit/vegetable fermented,1283.0,1.6134827219312542
fu-tsai; a traditional fermented mustard,Fruit/vegetable fermented,1283.0,1.6134827219312542
ganjang,Fruit/vegetable fermented,1283.0,1.6134827219312542
gari,Fruit/vegetable fermented,1283.0,1.6134827219312542
gari (fermented cassava),Fruit/vegetable fermented,1283.0,1.6134827219312542
gatot (dried fermented food from cassava),Fruit/vegetable fermented,1283.0,1.6134827219312542
glass silage,Fruit/vegetable fermented,1283.0,1.6134827219312542
grap must,Fruit/vegetable fermented,1283.0,1.6134827219312542
grape juice,Fruit/vegetable fermented,1283.0,1.6134827219312542
grape marcs obtained from prosecco vineyard,Fruit/vegetable fermented,1283.0,1.6134827219312542
grape must,Fruit/vegetable fermented,1283.0,1.6134827219312542
grape must; fermenting at high temperature,Fruit/vegetable fermented,1283.0,1.6134827219312542
grass silage,Fruit/vegetable fermented,1283.0,1.6134827219312542
greek sourdough,Fruit/vegetable fermented,1283.0,1.6134827219312542
hardwood bark,Fruit/vegetable fermented,1283.0,1.6134827219312542
highland barley wine,Fruit/vegetable fermented,1283.0,1.6134827219312542
household sourdough,Fruit/vegetable fermented,1283.0,1.6134827219312542
injera fermented dough,Fruit/vegetable fermented,1283.0,1.6134827219312542
ishizuchi-kurocha,Fruit/vegetable fermented,1283.0,1.6134827219312542
isolated from fermented brine used for stinky tofu production,Fruit/vegetable fermented,1283.0,1.6134827219312542
japanese pickles,Fruit/vegetable fermented,1283.0,1.6134827219312542
japanese tradditonal pickles,Fruit/vegetable fermented,1283.0,1.6134827219312542
jiangshui,Fruit/vegetable fermented,1283.0,1.6134827219312542
kimchi,Fruit/vegetable fermented,1283.0,1.6134827219312542
kimchi (fermented vegetable food in korea),Fruit/vegetable fermented,1283.0,1.6134827219312542
kimchi (korean traditional fermented food),Fruit/vegetable fermented,1283.0,1.6134827219312542
kimchi (traditional fermented korean dish),Fruit/vegetable fermented,1283.0,1.6134827219312542
kimchi jar (chinese traditional pickles),Fruit/vegetable fermented,1283.0,1.6134827219312542
kimchi system,Fruit/vegetable fermented,1283.0,1.6134827219312542
kimchi without red pepper powder,Fruit/vegetable fermented,1283.0,1.6134827219312542
kimchi; a type of traditional korean fermented food,Fruit/vegetable fermented,1283.0,1.6134827219312542
kimchi; fermented-vegetable foods produced in korea,Fruit/vegetable fermented,1283.0,1.6134827219312542
kimchi; korean traditional fermented food,Fruit/vegetable fermented,1283.0,1.6134827219312542
kombucha,Fruit/vegetable fermented,1283.0,1.6134827219312542
kombucha green tea pellide,Fruit/vegetable fermented,1283.0,1.6134827219312542
korean fermentation food kimchi,Fruit/vegetable fermented,1283.0,1.6134827219312542
korean kimchi,Fruit/vegetable fermented,1283.0,1.6134827219312542
korean traditional kimchi,Fruit/vegetable fermented,1283.0,1.6134827219312542
light wheat beer,Fruit/vegetable fermented,1283.0,1.6134827219312542
mahewu,Fruit/vegetable fermented,1283.0,1.6134827219312542
mahweu,Fruit/vegetable fermented,1283.0,1.6134827219312542
maize fermentation,Fruit/vegetable fermented,1283.0,1.6134827219312542
makgeolli,Fruit/vegetable fermented,1283.0,1.6134827219312542
makgeolli (korean traditional alcoholic beverage),Fruit/vegetable fermented,1283.0,1.6134827219312542
makgeollli,Fruit/vegetable fermented,1283.0,1.6134827219312542
maotai daqu,Fruit/vegetable fermented,1283.0,1.6134827219312542
mash,Fruit/vegetable fermented,1283.0,1.6134827219312542
mash of whisky,Fruit/vegetable fermented,1283.0,1.6134827219312542
mead,Fruit/vegetable fermented,1283.0,1.6134827219312542
meju; fermented soybean paste,Fruit/vegetable fermented,1283.0,1.6134827219312542
moto  starter of sake,Fruit/vegetable fermented,1283.0,1.6134827219312542
moto (seed mash for sake fermentation),Fruit/vegetable fermented,1283.0,1.6134827219312542
moto starter of sake,Fruit/vegetable fermented,1283.0,1.6134827219312542
mustard pickles,Fruit/vegetable fermented,1283.0,1.6134827219312542
napa cabbage kimchi,Fruit/vegetable fermented,1283.0,1.6134827219312542
nappa cabbage kimchi,Fruit/vegetable fermented,1283.0,1.6134827219312542
natually fermented tofu whey,Fruit/vegetable fermented,1283.0,1.6134827219312542
natural basque ropy cider,Fruit/vegetable fermented,1283.0,1.6134827219312542
natural cider of the basque country,Fruit/vegetable fermented,1283.0,1.6134827219312542
naturally fermented tofu whey,Fruit/vegetable fermented,1283.0,1.6134827219312542
nero di troia red wine (vintage 2007),Fruit/vegetable fermented,1283.0,1.6134827219312542
nero di troia red wine (vintage 2007) undergoing spontaneous mlf and collected from three different vinifications performed in the same winery,Fruit/vegetable fermented,1283.0,1.6134827219312542
no-five-pungent-herbs kimchi,Fruit/vegetable fermented,1283.0,1.6134827219312542
non-alcoholic fermented bamboo shoot products,Fruit/vegetable fermented,1283.0,1.6134827219312542
non-salted pickle solution used in production of sunki (japanese traditional fermented leaves and stems of red turnips),Fruit/vegetable fermented,1283.0,1.6134827219312542
nor-mai-dong; sour bamboo,Fruit/vegetable fermented,1283.0,1.6134827219312542
northeast sauerkraut,Fruit/vegetable fermented,1283.0,1.6134827219312542
nuruk,Fruit/vegetable fermented,1283.0,1.6134827219312542
nuruk; korean traditional beverage starter,Fruit/vegetable fermented,1283.0,1.6134827219312542
oat fermented,Fruit/vegetable fermented,1283.0,1.6134827219312542
olive brine,Fruit/vegetable fermented,1283.0,1.6134827219312542
olive fermentation,Fruit/vegetable fermented,1283.0,1.6134827219312542
olives brine,Fruit/vegetable fermented,1283.0,1.6134827219312542
orchardgrass silage,Fruit/vegetable fermented,1283.0,1.6134827219312542
palm wine,Fruit/vegetable fermented,1283.0,1.6134827219312542
paocai,Fruit/vegetable fermented,1283.0,1.6134827219312542
paocai water,Fruit/vegetable fermented,1283.0,1.6134827219312542
paojiao,Fruit/vegetable fermented,1283.0,1.6134827219312542
partially fermented kimchi,Fruit/vegetable fermented,1283.0,1.6134827219312542
partially fermented wine,Fruit/vegetable fermented,1283.0,1.6134827219312542
patagonian merlot wine,Fruit/vegetable fermented,1283.0,1.6134827219312542
patagonian red wine,Fruit/vegetable fermented,1283.0,1.6134827219312542
perilla leaf kimchi,Fruit/vegetable fermented,1283.0,1.6134827219312542
pickle,Fruit/vegetable fermented,1283.0,1.6134827219312542
pickle (saumure),Fruit/vegetable fermented,1283.0,1.6134827219312542
pickled burr,Fruit/vegetable fermented,1283.0,1.6134827219312542
pickled cabbage,Fruit/vegetable fermented,1283.0,1.6134827219312542
pickled cabbage food product,Fruit/vegetable fermented,1283.0,1.6134827219312542
pickled cucumber,Fruit/vegetable fermented,1283.0,1.6134827219312542
pickled cucumbers,Fruit/vegetable fermented,1283.0,1.6134827219312542
pickled food,Fruit/vegetable fermented,1283.0,1.6134827219312542
pickled ginger,Fruit/vegetable fermented,1283.0,1.6134827219312542
pickled green chili peppers,Fruit/vegetable fermented,1283.0,1.6134827219312542
pickled radish,Fruit/vegetable fermented,1283.0,1.6134827219312542
pickled vegetables,Fruit/vegetable fermented,1283.0,1.6134827219312542
pickled weed,Fruit/vegetable fermented,1283.0,1.6134827219312542
pilsner beer,Fruit/vegetable fermented,1283.0,1.6134827219312542
pinot noir,Fruit/vegetable fermented,1283.0,1.6134827219312542
pinot noir wine,Fruit/vegetable fermented,1283.0,1.6134827219312542
pinotgris,Fruit/vegetable fermented,1283.0,1.6134827219312542
pit mud,Fruit/vegetable fermented,1283.0,1.6134827219312542
pit mud of a chinese flavour liquor-making factory,Fruit/vegetable fermented,1283.0,1.6134827219312542
plant (decomposed),Fruit/vegetable fermented,1283.0,1.6134827219312542
pobuzihi (fermented cummingcordia),Fruit/vegetable fermented,1283.0,1.6134827219312542
preserved beancurd,Fruit/vegetable fermented,1283.0,1.6134827219312542
pulque,Fruit/vegetable fermented,1283.0,1.6134827219312542
radish and carrot pickled with rice bran and salt,Fruit/vegetable fermented,1283.0,1.6134827219312542
radish kimchi,Fruit/vegetable fermented,1283.0,1.6134827219312542
radish pickled,Fruit/vegetable fermented,1283.0,1.6134827219312542
raw rice wine,Fruit/vegetable fermented,1283.0,1.6134827219312542
red wine,Fruit/vegetable fermented,1283.0,1.6134827219312542
reduced nacl fermented cucumber spoilage,Fruit/vegetable fermented,1283.0,1.6134827219312542
rice sourdough,Fruit/vegetable fermented,1283.0,1.6134827219312542
rice vinegar fermentation,Fruit/vegetable fermented,1283.0,1.6134827219312542
rice wine rice syrup,Fruit/vegetable fermented,1283.0,1.6134827219312542
rice wine starter,Fruit/vegetable fermented,1283.0,1.6134827219312542
rye silage,Fruit/vegetable fermented,1283.0,1.6134827219312542
rye sourdough,Fruit/vegetable fermented,1283.0,1.6134827219312542
rye-bran sourdough,Fruit/vegetable fermented,1283.0,1.6134827219312542
ryegrass silage,Fruit/vegetable fermented,1283.0,1.6134827219312542
sake mash,Fruit/vegetable fermented,1283.0,1.6134827219312542
san francisco sourdough,Fruit/vegetable fermented,1283.0,1.6134827219312542
sauerkraut,Fruit/vegetable fermented,1283.0,1.6134827219312542
sauerkraut from a local market within the moscow region of russia,Fruit/vegetable fermented,1283.0,1.6134827219312542
sauerkrout,Fruit/vegetable fermented,1283.0,1.6134827219312542
sauvblanc,Fruit/vegetable fermented,1283.0,1.6134827219312542
scallion kimchi,Fruit/vegetable fermented,1283.0,1.6134827219312542
senmaizuke,Fruit/vegetable fermented,1283.0,1.6134827219312542
shima dofu (okinawan-style tofu),Fruit/vegetable fermented,1283.0,1.6134827219312542
sichuan bran vinegar,Fruit/vegetable fermented,1283.0,1.6134827219312542
sichuan paocai,Fruit/vegetable fermented,1283.0,1.6134827219312542
sichuan pickle vegetables,Fruit/vegetable fermented,1283.0,1.6134827219312542
silage,Fruit/vegetable fermented,1283.0,1.6134827219312542
silage cattle feed,Fruit/vegetable fermented,1283.0,1.6134827219312542
soft drink (brewery),Fruit/vegetable fermented,1283.0,1.6134827219312542
soft-rotted sweet potato,Fruit/vegetable fermented,1283.0,1.6134827219312542
sorghum beer fermentation,Fruit/vegetable fermented,1283.0,1.6134827219312542
sorghum sour wort,Fruit/vegetable fermented,1283.0,1.6134827219312542
sorghum sourdough,Fruit/vegetable fermented,1283.0,1.6134827219312542
sour bamboo shoot,Fruit/vegetable fermented,1283.0,1.6134827219312542
sour cassava,Fruit/vegetable fermented,1283.0,1.6134827219312542
sour dough,Fruit/vegetable fermented,1283.0,1.6134827219312542
sour porridge,Fruit/vegetable fermented,1283.0,1.6134827219312542
sour wort; tchapalo ((sorghum african beer) processing,Fruit/vegetable fermented,1283.0,1.6134827219312542
sourdough,Fruit/vegetable fermented,1283.0,1.6134827219312542
sourdough bread,Fruit/vegetable fermented,1283.0,1.6134827219312542
sourdough starter,Fruit/vegetable fermented,1283.0,1.6134827219312542
sourdough; alpine bakery whitehorse,Fruit/vegetable fermented,1283.0,1.6134827219312542
sourdough; manufactured with wheat; rye and spelt flour,Fruit/vegetable fermented,1283.0,1.6134827219312542
sourdough; salt spring island bakery,Fruit/vegetable fermented,1283.0,1.6134827219312542
soured carrot mash,Fruit/vegetable fermented,1283.0,1.6134827219312542
soybean paste (chonggugjang),Fruit/vegetable fermented,1283.0,1.6134827219312542
spanish bobal grape must,Fruit/vegetable fermented,1283.0,1.6134827219312542
sparkling white wine,Fruit/vegetable fermented,1283.0,1.6134827219312542
sparkling wine,Fruit/vegetable fermented,1283.0,1.6134827219312542
spoiled beer,Fruit/vegetable fermented,1283.0,1.6134827219312542
spoiled lager beer,Fruit/vegetable fermented,1283.0,1.6134827219312542
spoiled wine fermentation,Fruit/vegetable fermented,1283.0,1.6134827219312542
spontaneous cocoa bean fermentations,Fruit/vegetable fermented,1283.0,1.6134827219312542
spontaneous fermented carrot juice,Fruit/vegetable fermented,1283.0,1.6134827219312542
stable grass silage,Fruit/vegetable fermented,1283.0,1.6134827219312542
starter,Fruit/vegetable fermented,1283.0,1.6134827219312542
starter bakery,Fruit/vegetable fermented,1283.0,1.6134827219312542
starter culture,Fruit/vegetable fermented,1283.0,1.6134827219312542
stinky tofu,Fruit/vegetable fermented,1283.0,1.6134827219312542
stinky xiancaigeng,Fruit/vegetable fermented,1283.0,1.6134827219312542
sudan grass sorghum sudanense (piper) silage,Fruit/vegetable fermented,1283.0,1.6134827219312542
sugarcane fermented,Fruit/vegetable fermented,1283.0,1.6134827219312542
sugarcane fermented (rum factory),Fruit/vegetable fermented,1283.0,1.6134827219312542
sunki,Fruit/vegetable fermented,1283.0,1.6134827219312542
sunki; japanese traditional fermented vegetable,Fruit/vegetable fermented,1283.0,1.6134827219312542
surface of table olives after 60 days of fermentation,Fruit/vegetable fermented,1283.0,1.6134827219312542
sweet potato sour liquid,Fruit/vegetable fermented,1283.0,1.6134827219312542
swine waste-corn fermentation,Fruit/vegetable fermented,1283.0,1.6134827219312542
tea(de ang pickled tea),Fruit/vegetable fermented,1283.0,1.6134827219312542
teat canal,Fruit/vegetable fermented,1283.0,1.6134827219312542
tempeh,Fruit/vegetable fermented,1283.0,1.6134827219312542
the brine of stinky tofu,Fruit/vegetable fermented,1283.0,1.6134827219312542
the fermented dough in dali,Fruit/vegetable fermented,1283.0,1.6134827219312542
tocosh; potatoes naturally fermented in a well near a water spring,Fruit/vegetable fermented,1283.0,1.6134827219312542
traditional belgian wheat sourdoughs,Fruit/vegetable fermented,1283.0,1.6134827219312542
traditional chinese fermented soybeans,Fruit/vegetable fermented,1283.0,1.6134827219312542
traditional chinese pickle,Fruit/vegetable fermented,1283.0,1.6134827219312542
traditional fermented cereal,Fruit/vegetable fermented,1283.0,1.6134827219312542
traditional fermented food in korea,Fruit/vegetable fermented,1283.0,1.6134827219312542
traditional fermented ma-bamboo shoots,Fruit/vegetable fermented,1283.0,1.6134827219312542
traditional greek wheat sourdough,Fruit/vegetable fermented,1283.0,1.6134827219312542
traditional indian fermented food; kanjika,Fruit/vegetable fermented,1283.0,1.6134827219312542
traditional korean fermented vegetable,Fruit/vegetable fermented,1283.0,1.6134827219312542
traditional korean kimchi,Fruit/vegetable fermented,1283.0,1.6134827219312542
traditional naturally fermented yak yogurt,Fruit/vegetable fermented,1283.0,1.6134827219312542
traditional pickle,Fruit/vegetable fermented,1283.0,1.6134827219312542
treacle (rhumerie),Fruit/vegetable fermented,1283.0,1.6134827219312542
turkish fermented black carrot juice (shalgam),Fruit/vegetable fermented,1283.0,1.6134827219312542
turnip pickled,Fruit/vegetable fermented,1283.0,1.6134827219312542
type ii sourdough,Fruit/vegetable fermented,1283.0,1.6134827219312542
type ii sourdough fermentation,Fruit/vegetable fermented,1283.0,1.6134827219312542
uncooked sour wort of dolo; traditional sorghum malt beer,Fruit/vegetable fermented,1283.0,1.6134827219312542
vegetable fermented food,Fruit/vegetable fermented,1283.0,1.6134827219312542
vegetable fermented food (kimchi),Fruit/vegetable fermented,1283.0,1.6134827219312542
vinegar,Fruit/vegetable fermented,1283.0,1.6134827219312542
vinegar pei,Fruit/vegetable fermented,1283.0,1.6134827219312542
water kefir,Fruit/vegetable fermented,1283.0,1.6134827219312542
water kimchi,Fruit/vegetable fermented,1283.0,1.6134827219312542
watery kimchi (cabbage),Fruit/vegetable fermented,1283.0,1.6134827219312542
watery radish kimchi,Fruit/vegetable fermented,1283.0,1.6134827219312542
wheat and rye sourdough,Fruit/vegetable fermented,1283.0,1.6134827219312542
wheat beer,Fruit/vegetable fermented,1283.0,1.6134827219312542
wheat sourdough,Fruit/vegetable fermented,1283.0,1.6134827219312542
white kimchi,Fruit/vegetable fermented,1283.0,1.6134827219312542
white kimchi (baek kimchi),Fruit/vegetable fermented,1283.0,1.6134827219312542
white wine,Fruit/vegetable fermented,1283.0,1.6134827219312542
wine,Fruit/vegetable fermented,1283.0,1.6134827219312542
wine collected 1986/1984,Fruit/vegetable fermented,1283.0,1.6134827219312542
winery environment,Fruit/vegetable fermented,1283.0,1.6134827219312542
yellow pea flour sourdough,Fruit/vegetable fermented,1283.0,1.6134827219312542
yeshanjun pickle,Fruit/vegetable fermented,1283.0,1.6134827219312542
young radish kimchi,Fruit/vegetable fermented,1283.0,1.6134827219312542
young radish water kimchi,Fruit/vegetable fermented,1283.0,1.6134827219312542
zha-chili,Fruit/vegetable fermented,1283.0,1.6134827219312542
zha-chili (fermented food made of chili and corn flour or rice flour),Fruit/vegetable fermented,1283.0,1.6134827219312542
obtained by metabolic engineering of original strain isolated from the corn stover slurry.,Fruit/vegetable fermented,1283.0,1.6134827219312542
abdominal fluid,Human,1362.0,1.553729599837433
abscess hepatic,Human,1362.0,1.553729599837433
abscess right neck,Human,1362.0,1.553729599837433
autopsy,Human,1362.0,1.553729599837433
baby faeces,Human,1362.0,1.553729599837433
baby feces,Human,1362.0,1.553729599837433
baby stool,Human,1362.0,1.553729599837433
biopsy,Human,1362.0,1.553729599837433
blood,Human,1362.0,1.553729599837433
breast of healthy woman,Human,1362.0,1.553729599837433
c1 compartment fluid of stomach,Human,1362.0,1.553729599837433
c1 compartment of stomach,Human,1362.0,1.553729599837433
catheter,Human,1362.0,1.553729599837433
catheterized bladder urine,Human,1362.0,1.553729599837433
dental caries,Human,1362.0,1.553729599837433
dental plaque,Human,1362.0,1.553729599837433
dental pulp from carious tooth,Human,1362.0,1.553729599837433
dentine caries,Human,1362.0,1.553729599837433
duodenum,Human,1362.0,1.553729599837433
duodenum mucosa,Human,1362.0,1.553729599837433
duodenum of female cd1 mouse,Human,1362.0,1.553729599837433
ear otitis,Human,1362.0,1.553729599837433
ectocervical mucosa,Human,1362.0,1.553729599837433
endoscopy,Human,1362.0,1.553729599837433
eye,Human,1362.0,1.553729599837433
faces,Human,1362.0,1.553729599837433
faecal,Human,1362.0,1.553729599837433
faecal sample,Human,1362.0,1.553729599837433
faeces,Human,1362.0,1.553729599837433
feaces,Human,1362.0,1.553729599837433
fecal contaminated soil,Human,1362.0,1.553729599837433
fecal material [envo:00002003],Human,1362.0,1.553729599837433
fecal material of healthy human,Human,1362.0,1.553729599837433
fecal sample,Human,1362.0,1.553729599837433
fecal sample from healthy young woman,Human,1362.0,1.553729599837433
fecal samples,Human,1362.0,1.553729599837433
fecal specimen of healthy infant,Human,1362.0,1.553729599837433
fece,Human,1362.0,1.553729599837433
feces,Human,1362.0,1.553729599837433
feces (human),Human,1362.0,1.553729599837433
feces day 14 after weanning,Human,1362.0,1.553729599837433
feces day 21 after weanning,Human,1362.0,1.553729599837433
feces from a healthy adult female,Human,1362.0,1.553729599837433
feces from a healthy human,Human,1362.0,1.553729599837433
feces from breastmilk-fed infant,Human,1362.0,1.553729599837433
feces from children,Human,1362.0,1.553729599837433
feces from gastrointestinal tract of a healthy adult female,Human,1362.0,1.553729599837433
feces from healthy infant,Human,1362.0,1.553729599837433
feces from healthy subject,Human,1362.0,1.553729599837433
feces of a 19-year-old female,Human,1362.0,1.553729599837433
feces of a healthy 100-year-old japanese female,Human,1362.0,1.553729599837433
feces of an astronaut,Human,1362.0,1.553729599837433
feces of healthy korean adult,Human,1362.0,1.553729599837433
feces of infant,Human,1362.0,1.553729599837433
female gut,Human,1362.0,1.553729599837433
fetal intestine,Human,1362.0,1.553729599837433
genital tract of a healthy woman,Human,1362.0,1.553729599837433
gi tract,Human,1362.0,1.553729599837433
healthy adult fecal sample,Human,1362.0,1.553729599837433
healthy adult feces,Human,1362.0,1.553729599837433
healthy adult male gut,Human,1362.0,1.553729599837433
healthy breast milk,Human,1362.0,1.553729599837433
healthy child,Human,1362.0,1.553729599837433
healthy infant fecal samples,Human,1362.0,1.553729599837433
healthy infant feces,Human,1362.0,1.553729599837433
healthy intestine,Human,1362.0,1.553729599837433
healthy newborn fecal sample,Human,1362.0,1.553729599837433
high vaginal swab,Human,1362.0,1.553729599837433
high vaginal swabs,Human,1362.0,1.553729599837433
hip swab,Human,1362.0,1.553729599837433
human,Human,1362.0,1.553729599837433
human (saliva),Human,1362.0,1.553729599837433
human (vaginal tract),Human,1362.0,1.553729599837433
human adenoid,Human,1362.0,1.553729599837433
human adult fecal sample,Human,1362.0,1.553729599837433
human blood,Human,1362.0,1.553729599837433
human breast milk,Human,1362.0,1.553729599837433
human endoscopy,Human,1362.0,1.553729599837433
human fecal samples,Human,1362.0,1.553729599837433
human feces,Human,1362.0,1.553729599837433
human feces (woman; 24 years old),Human,1362.0,1.553729599837433
human feces (woman; 60 years old),Human,1362.0,1.553729599837433
human feces in bioreactor,Human,1362.0,1.553729599837433
human feces metagenome,Human,1362.0,1.553729599837433
human gi tract,Human,1362.0,1.553729599837433
human gut,Human,1362.0,1.553729599837433
human isolate,Human,1362.0,1.553729599837433
human isolate (oral),Human,1362.0,1.553729599837433
human milk,Human,1362.0,1.553729599837433
human milk from spanish woman,Human,1362.0,1.553729599837433
human nasopharynx,Human,1362.0,1.553729599837433
human oral metagenome,Human,1362.0,1.553729599837433
human saliva,Human,1362.0,1.553729599837433
human stool,Human,1362.0,1.553729599837433
human stool sample,Human,1362.0,1.553729599837433
human vagina,Human,1362.0,1.553729599837433
human vaginal discharge,Human,1362.0,1.553729599837433
human vaginal metagenome,Human,1362.0,1.553729599837433
human-fecal,Human,1362.0,1.553729599837433
infant,Human,1362.0,1.553729599837433
infant faecal,Human,1362.0,1.553729599837433
infant faeces,Human,1362.0,1.553729599837433
infant fecal sample,Human,1362.0,1.553729599837433
infant feces,Human,1362.0,1.553729599837433
infant saliva,Human,1362.0,1.553729599837433
infant stools,Human,1362.0,1.553729599837433
intestine from healthy child,Human,1362.0,1.553729599837433
intestine of a healthy child,Human,1362.0,1.553729599837433
intestine of adult,Human,1362.0,1.553729599837433
intestine of human,Human,1362.0,1.553729599837433
intestine tissue,Human,1362.0,1.553729599837433
intestines,Human,1362.0,1.553729599837433
isolated from the feces of a centenarian,Human,1362.0,1.553729599837433
japanese peer,Human,1362.0,1.553729599837433
korean adult feces,Human,1362.0,1.553729599837433
korean infant feces,Human,1362.0,1.553729599837433
korean vaginal fluid,Human,1362.0,1.553729599837433
mammary gland,Human,1362.0,1.553729599837433
mucosa of vagina [uberon:0004983],Human,1362.0,1.553729599837433
mucosal surface ascending colon,Human,1362.0,1.553729599837433
mucosal surface descending colon,Human,1362.0,1.553729599837433
mucosal surface ileum,Human,1362.0,1.553729599837433
mucosal surface transverse colon,Human,1362.0,1.553729599837433
nasopharynx,Human,1362.0,1.553729599837433
newborn fecal sample,Human,1362.0,1.553729599837433
nose of healthy child,Human,1362.0,1.553729599837433
oral,Human,1362.0,1.553729599837433
oral cavity,Human,1362.0,1.553729599837433
oral microbiome,Human,1362.0,1.553729599837433
oral source,Human,1362.0,1.553729599837433
oral swab,Human,1362.0,1.553729599837433
saliva,Human,1362.0,1.553729599837433
saliva from healthy adult female,Human,1362.0,1.553729599837433
saliva from healthy subject,Human,1362.0,1.553729599837433
single cell amplified by mda; feces,Human,1362.0,1.553729599837433
spinal fluid,Human,1362.0,1.553729599837433
spleen,Human,1362.0,1.553729599837433
sputum,Human,1362.0,1.553729599837433
sputum induced,Human,1362.0,1.553729599837433
stomach,Human,1362.0,1.553729599837433
stomach contents,Human,1362.0,1.553729599837433
stool,Human,1362.0,1.553729599837433
stool material,Human,1362.0,1.553729599837433
stool sample,Human,1362.0,1.553729599837433
stool sample from 53 year old healthy female,Human,1362.0,1.553729599837433
the feces of breast-fed infants,Human,1362.0,1.553729599837433
throat,Human,1362.0,1.553729599837433
tonsil swab,Human,1362.0,1.553729599837433
tooth abscess,Human,1362.0,1.553729599837433
trach aspirate,Human,1362.0,1.553729599837433
urine,Human,1362.0,1.553729599837433
urine cath,Human,1362.0,1.553729599837433
urogenital tract; vaginal,Human,1362.0,1.553729599837433
uterus cytobrush,Human,1362.0,1.553729599837433
vagina,Human,1362.0,1.553729599837433
vagina from healthy woman,Human,1362.0,1.553729599837433
vagina of a healthy nigerian woman,Human,1362.0,1.553729599837433
vagina of healthy reproductive indian woman,Human,1362.0,1.553729599837433
vagina of healthy woman,Human,1362.0,1.553729599837433
vaginal,Human,1362.0,1.553729599837433
vaginal discharge,Human,1362.0,1.553729599837433
vaginal environment,Human,1362.0,1.553729599837433
vaginal fluid,Human,1362.0,1.553729599837433
vaginal sample,Human,1362.0,1.553729599837433
vaginal secretions,Human,1362.0,1.553729599837433
vaginal swab,Human,1362.0,1.553729599837433
vaginal swab from patient with trichomoniasis,Human,1362.0,1.553729599837433
vaginal swabs,Human,1362.0,1.553729599837433
vaginal tract,Human,1362.0,1.553729599837433
vaginal tract of a healthy female,Human,1362.0,1.553729599837433
vietnamese human feces,Human,1362.0,1.553729599837433
vagina of healthy woman with no history of infectious and somatic diseases of the gastrointestinal tract and other organ systems,Human,1362.0,1.553729599837433
drosophila intestine,Insect_NoBee,15.0,6.062388885444681
drosophila melanogaster,Insect_NoBee,15.0,6.062388885444681
drosophila melanogaster nutritional substrate,Insect_NoBee,15.0,6.062388885444681
gut of grasshopper,Insect_NoBee,15.0,6.062388885444681
insect gut,Insect_NoBee,15.0,6.062388885444681
larvae,Insect_NoBee,15.0,6.062388885444681
meat ant,Insect_NoBee,15.0,6.062388885444681
oriental cockroach,Insect_NoBee,15.0,6.062388885444681
whole fly,Insect_NoBee,15.0,6.062388885444681
wild drosophila,Insect_NoBee,15.0,6.062388885444681
fermented fish,Meat_fermented,132.0,3.88763716396052
fermented fish (pla-som),Meat_fermented,132.0,3.88763716396052
fermented fish ngari,Meat_fermented,132.0,3.88763716396052
fermented freshwater fish,Meat_fermented,132.0,3.88763716396052
fermented lap xuong sausage,Meat_fermented,132.0,3.88763716396052
fermented meat,Meat_fermented,132.0,3.88763716396052
fermented meat product,Meat_fermented,132.0,3.88763716396052
fermented meat sausage,Meat_fermented,132.0,3.88763716396052
fermented meat sausages(food),Meat_fermented,132.0,3.88763716396052
fermented mussels,Meat_fermented,132.0,3.88763716396052
acetic acid preserved herring with carrots,Meat_fermented,132.0,3.88763716396052
argentinean dry fermented sausages,Meat_fermented,132.0,3.88763716396052
argentinian dry fermented sausage,Meat_fermented,132.0,3.88763716396052
artisanal dry-fermented salami,Meat_fermented,132.0,3.88763716396052
blood sausage,Meat_fermented,132.0,3.88763716396052
commercial starter culture for fermented sausage,Meat_fermented,132.0,3.88763716396052
cooked ham,Meat_fermented,132.0,3.88763716396052
cured beef,Meat_fermented,132.0,3.88763716396052
dry naturally fermented greek sausage,Meat_fermented,132.0,3.88763716396052
expanded salami packages,Meat_fermented,132.0,3.88763716396052
fermented pork,Meat_fermented,132.0,3.88763716396052
fermented pork (nham),Meat_fermented,132.0,3.88763716396052
fermented pork sausage (sai-krog-prieo),Meat_fermented,132.0,3.88763716396052
fermented raw meat,Meat_fermented,132.0,3.88763716396052
fermented salami,Meat_fermented,132.0,3.88763716396052
fermented sausage,Meat_fermented,132.0,3.88763716396052
fermented sausage salsiz,Meat_fermented,132.0,3.88763716396052
fermented sausage; norway,Meat_fermented,132.0,3.88763716396052
fermented sausages,Meat_fermented,132.0,3.88763716396052
french dry-type pork sausage,Meat_fermented,132.0,3.88763716396052
gajami-sikhae,Meat_fermented,132.0,3.88763716396052
hoi-dong [= pickled mussel],Meat_fermented,132.0,3.88763716396052
jogaejeotgal; a traditional korean fermented seafood,Meat_fermented,132.0,3.88763716396052
marinated fish product,Meat_fermented,132.0,3.88763716396052
marinated meat product,Meat_fermented,132.0,3.88763716396052
marinated pork,Meat_fermented,132.0,3.88763716396052
marinated rainbow trout,Meat_fermented,132.0,3.88763716396052
nem chua (fermented pork),Meat_fermented,132.0,3.88763716396052
nham; fermented pork,Meat_fermented,132.0,3.88763716396052
pla-chom [= fermented small fish],Meat_fermented,132.0,3.88763716396052
pla-ra; fermented fish,Meat_fermented,132.0,3.88763716396052
plaa-som; thai fermented fish product,Meat_fermented,132.0,3.88763716396052
pork pickled sausage,Meat_fermented,132.0,3.88763716396052
pork;pickled sausage,Meat_fermented,132.0,3.88763716396052
poultry salami,Meat_fermented,132.0,3.88763716396052
raw fermented sausage,Meat_fermented,132.0,3.88763716396052
salami,Meat_fermented,132.0,3.88763716396052
sausage,Meat_fermented,132.0,3.88763716396052
sausage (dried; fermented),Meat_fermented,132.0,3.88763716396052
shochu mash,Meat_fermented,132.0,3.88763716396052
som fak,Meat_fermented,132.0,3.88763716396052
som fak (thai fermented fish),Meat_fermented,132.0,3.88763716396052
superior fermented meat,Meat_fermented,132.0,3.88763716396052
traditional fermented sausages,Meat_fermented,132.0,3.88763716396052
traditional thai fermented pork (nham),Meat_fermented,132.0,3.88763716396052
traditional thai fermented pork sausage,Meat_fermented,132.0,3.88763716396052
vietnamese fermented sausage (nem chua),Meat_fermented,132.0,3.88763716396052
ensiled sorghum,Fruit/vegetable,300.0,3.0666566118906897
fig,Fruit/vegetable,300.0,3.0666566118906897
fig leaf,Fruit/vegetable,300.0,3.0666566118906897
flour,Fruit/vegetable,300.0,3.0666566118906897
flower,Fruit/vegetable,300.0,3.0666566118906897
crop,Fruit/vegetable,300.0,3.0666566118906897
cucumber,Fruit/vegetable,300.0,3.0666566118906897
lychee,Fruit/vegetable,300.0,3.0666566118906897
lychee fruit,Fruit/vegetable,300.0,3.0666566118906897
mais silage,Fruit/vegetable,300.0,3.0666566118906897
maize ensilage,Fruit/vegetable,300.0,3.0666566118906897
maize grains,Fruit/vegetable,300.0,3.0666566118906897
maize silage,Fruit/vegetable,300.0,3.0666566118906897
malted barley,Fruit/vegetable,300.0,3.0666566118906897
manju-moto (dough of wheat flour with koji),Fruit/vegetable,300.0,3.0666566118906897
mixed salad containing green lettuce; red lettuce; spinach; rocket,Fruit/vegetable,300.0,3.0666566118906897
mixed seeds,Fruit/vegetable,300.0,3.0666566118906897
raspberry juice,Fruit/vegetable,300.0,3.0666566118906897
root,Fruit/vegetable,300.0,3.0666566118906897
root surface,Fruit/vegetable,300.0,3.0666566118906897
sample from fruit (melon),Fruit/vegetable,300.0,3.0666566118906897
sap,Fruit/vegetable,300.0,3.0666566118906897
tree bark,Fruit/vegetable,300.0,3.0666566118906897
tropical fruit,Fruit/vegetable,300.0,3.0666566118906897
turbot,Fruit/vegetable,300.0,3.0666566118906897
carrot,Fruit/vegetable,300.0,3.0666566118906897
acetic acid solution,Unclassified,1603.0,1.3908069339373377
agrosavia,Unclassified,1603.0,1.3908069339373377
ambriss,Unclassified,1603.0,1.3908069339373377
anaerobic bioreactor effluent,Unclassified,1603.0,1.3908069339373377
anaerobic bioreactor effluent: solid retention time of 6 days,Unclassified,1603.0,1.3908069339373377
anaerobic bioreactor effluent: solids-removed thin stillage fed; 6 d srt; 35c; ph 5.5,Unclassified,1603.0,1.3908069339373377
anaerobic bioreactor effluent: thin stillage fed; 6 d srt; 35c; ph 5.5,Unclassified,1603.0,1.3908069339373377
anaerobic enrichment culture that was inoculated with biogas reactor content,Unclassified,1603.0,1.3908069339373377
bacteriophage insensitive mutant of strain atcc 10386,Unclassified,1603.0,1.3908069339373377
biofilm,Unclassified,1603.0,1.3908069339373377
biological product [envo:02000043],Unclassified,1603.0,1.3908069339373377
boiled eggs,Unclassified,1603.0,1.3908069339373377
cabernet sauvignon,Unclassified,1603.0,1.3908069339373377
cell culture,Unclassified,1603.0,1.3908069339373377
commercial biocontrol culture,Unclassified,1603.0,1.3908069339373377
commercial culture,Unclassified,1603.0,1.3908069339373377
commercial dairy product,Unclassified,1603.0,1.3908069339373377
commercial dietary supplements,Unclassified,1603.0,1.3908069339373377
commercial preparation,Unclassified,1603.0,1.3908069339373377
commercial probiotic,Unclassified,1603.0,1.3908069339373377
commercial product,Unclassified,1603.0,1.3908069339373377
commercial strain,Unclassified,1603.0,1.3908069339373377
conjonctiva,Unclassified,1603.0,1.3908069339373377
contamination,Unclassified,1603.0,1.3908069339373377
culture,Unclassified,1603.0,1.3908069339373377
culture collection sample,Unclassified,1603.0,1.3908069339373377
eps producer,Unclassified,1603.0,1.3908069339373377
feed additive enterosan,Unclassified,1603.0,1.3908069339373377
feed additive jamieson probiotic 30 billion,Unclassified,1603.0,1.3908069339373377
food additive bactoflor fur kinder,Unclassified,1603.0,1.3908069339373377
food additive bio-kult infantis,Unclassified,1603.0,1.3908069339373377
food additive enterodophilus,Unclassified,1603.0,1.3908069339373377
food additive floractin,Unclassified,1603.0,1.3908069339373377
food additive jamieson probiotic 30 billion,Unclassified,1603.0,1.3908069339373377
food additive lactoseven,Unclassified,1603.0,1.3908069339373377
food additive treflor gocce,Unclassified,1603.0,1.3908069339373377
food additive vivomixx,Unclassified,1603.0,1.3908069339373377
food additive waya ab,Unclassified,1603.0,1.3908069339373377
food production metagenome,Unclassified,1603.0,1.3908069339373377
food starter culture 1,Unclassified,1603.0,1.3908069339373377
fructose,Unclassified,1603.0,1.3908069339373377
futsai,Unclassified,1603.0,1.3908069339373377
gall,Unclassified,1603.0,1.3908069339373377
jelly,Unclassified,1603.0,1.3908069339373377
kinema,Unclassified,1603.0,1.3908069339373377
kitchen e,Unclassified,1603.0,1.3908069339373377
lab culture,Unclassified,1603.0,1.3908069339373377
labneh,Unclassified,1603.0,1.3908069339373377
lactic culture,Unclassified,1603.0,1.3908069339373377
lactic starter,Unclassified,1603.0,1.3908069339373377
linex,Unclassified,1603.0,1.3908069339373377
meju,Unclassified,1603.0,1.3908069339373377
merlot,Unclassified,1603.0,1.3908069339373377
microbial mat material,Unclassified,1603.0,1.3908069339373377
missing: control sample,Unclassified,1603.0,1.3908069339373377
mont soleil,Unclassified,1603.0,1.3908069339373377
mrs,Unclassified,1603.0,1.3908069339373377
mukeunji,Unclassified,1603.0,1.3908069339373377
nanchang,Unclassified,1603.0,1.3908069339373377
natural product,Unclassified,1603.0,1.3908069339373377
ncit:c13234,Unclassified,1603.0,1.3908069339373377
ncsu equine educational unit,Unclassified,1603.0,1.3908069339373377
none,Unclassified,1603.0,1.3908069339373377
not available: to be reported later,Unclassified,1603.0,1.3908069339373377
not provided; submitted under migs 2.1,Unclassified,1603.0,1.3908069339373377
org_particles,Unclassified,1603.0,1.3908069339373377
organic material,Unclassified,1603.0,1.3908069339373377
passage 100 in mrs medium of strain p-8,Unclassified,1603.0,1.3908069339373377
passage 25 in mrs medium of strain p-8,Unclassified,1603.0,1.3908069339373377
passage 50 in mrs medium of strain p-8,Unclassified,1603.0,1.3908069339373377
passage 75 in mrs medium of strain p-8,Unclassified,1603.0,1.3908069339373377
pharmaceutical preparation,Unclassified,1603.0,1.3908069339373377
probiotic capsule,Unclassified,1603.0,1.3908069339373377
probiotic preparation  lactobacterinum,Unclassified,1603.0,1.3908069339373377
probiotic supplement,Unclassified,1603.0,1.3908069339373377
probiotic supplement food,Unclassified,1603.0,1.3908069339373377
probiotics,Unclassified,1603.0,1.3908069339373377
probitic products,Unclassified,1603.0,1.3908069339373377
pure bacterial culture,Unclassified,1603.0,1.3908069339373377
pure culture in mrs broth and glycerol (2:1),Unclassified,1603.0,1.3908069339373377
respiratory,Unclassified,1603.0,1.3908069339373377
sacco s.r.l.; italy,Unclassified,1603.0,1.3908069339373377
shanghai,Unclassified,1603.0,1.3908069339373377
shrimp food product [foodon:00002239],Unclassified,1603.0,1.3908069339373377
strain p-8 in mrs medium,Unclassified,1603.0,1.3908069339373377
sturter culture bolgari,Unclassified,1603.0,1.3908069339373377
sturter culture diostart,Unclassified,1603.0,1.3908069339373377
sturter culture sacco lyoflora b-7,Unclassified,1603.0,1.3908069339373377
sturter culture sacco mbp,Unclassified,1603.0,1.3908069339373377
sucrose solution,Unclassified,1603.0,1.3908069339373377
surface sterilised adult,Unclassified,1603.0,1.3908069339373377
tapai,Unclassified,1603.0,1.3908069339373377
tete de moine,Unclassified,1603.0,1.3908069339373377
tibet,Unclassified,1603.0,1.3908069339373377
ting,Unclassified,1603.0,1.3908069339373377
tissue,Unclassified,1603.0,1.3908069339373377
uncertain; probably milk,Unclassified,1603.0,1.3908069339373377
unknown,Unclassified,1603.0,1.3908069339373377
vegetable sausage,Unclassified,1603.0,1.3908069339373377
vilii,Unclassified,1603.0,1.3908069339373377
viognier,Unclassified,1603.0,1.3908069339373377
wound right cheek,Unclassified,1603.0,1.3908069339373377
