qseqid,sseqid,pident,length,accession,ncbi_isolation_source,ncbi_country,gtdb_taxonomy
AF243177.1,RS_GCF_030373865.1~NZ_JAUDEI010000095.1,99.352,1544,RS_GCF_030373865.1,caecum,none,d__Bacteria;p__Bacillota;c__Bacilli;o__Lactobacillales;f__Lactobacillaceae;g__Limosilactobacillus;s__Limosilactobacillus vaginalis
AF243177.1,GB_GCA_029866865.1~CP122957.1-#3,99.352,1544,GB_GCA_029866865.1,vaginal swab,Italy,d__Bacteria;p__Bacillota;c__Bacilli;o__Lactobacillales;f__Lactobacillaceae;g__Limosilactobacillus;s__Limosilactobacillus vaginalis
AF243177.1,RS_GCF_030371355.1~NZ_JAUDDF010000064.1,99.352,1544,RS_GCF_030371355.1,caecum,none,d__Bacteria;p__Bacillota;c__Bacilli;o__Lactobacillales;f__Lactobacillaceae;g__Limosilactobacillus;s__Limosilactobacillus vaginalis
AF243177.1,RS_GCF_025311515.1~NZ_CP104399.1-#5,99.352,1544,RS_GCF_025311515.1,feces,USA: Georgia,d__Bacteria;p__Bacillota;c__Bacilli;o__Lactobacillales;f__Lactobacillaceae;g__Limosilactobacillus;s__Limosilactobacillus vaginalis
AF243177.1,RS_GCF_030371965.1~NZ_JAUDDU010000079.1,99.352,1544,RS_GCF_030371965.1,caecum,none,d__Bacteria;p__Bacillota;c__Bacilli;o__Lactobacillales;f__Lactobacillaceae;g__Limosilactobacillus;s__Limosilactobacillus vaginalis
AF243177.1,RS_GCF_025677785.1~NZ_CP106884.1,99.352,1544,RS_GCF_025677785.1,none,China,d__Bacteria;p__Bacillota;c__Bacilli;o__Lactobacillales;f__Lactobacillaceae;g__Limosilactobacillus;s__Limosilactobacillus vaginalis
AF243177.1,RS_GCF_030371915.1~NZ_JAUDDO010000089.1,99.352,1544,RS_GCF_030371915.1,caecum,none,d__Bacteria;p__Bacillota;c__Bacilli;o__Lactobacillales;f__Lactobacillaceae;g__Limosilactobacillus;s__Limosilactobacillus vaginalis
AF243177.1,RS_GCF_009362935.1~NZ_CP045240.1-#2,99.352,1544,RS_GCF_009362935.1,vaginal swab from patient with trichomoniasis,none,d__Bacteria;p__Bacillota;c__Bacilli;o__Lactobacillales;f__Lactobacillaceae;g__Limosilactobacillus;s__Limosilactobacillus vaginalis
AF243177.1,RS_GCF_027682185.1~NZ_JAQDAC010000020.1,99.352,1544,RS_GCF_027682185.1,fecal material [ENVO:00002003],China: Shenzhen,d__Bacteria;p__Bacillota;c__Bacilli;o__Lactobacillales;f__Lactobacillaceae;g__Limosilactobacillus;s__Limosilactobacillus vaginalis
AF243177.1,RS_GCF_030372015.1~NZ_JAUDDS010000058.1,99.352,1544,RS_GCF_030372015.1,caecum,none,d__Bacteria;p__Bacillota;c__Bacilli;o__Lactobacillales;f__Lactobacillaceae;g__Limosilactobacillus;s__Limosilactobacillus vaginalis
AF243177.1,RS_GCF_030371875.1~NZ_JAUDDT010000074.1,99.288,1544,RS_GCF_030371875.1,caecum,none,d__Bacteria;p__Bacillota;c__Bacilli;o__Lactobacillales;f__Lactobacillaceae;g__Limosilactobacillus;s__Limosilactobacillus vaginalis
AF243177.1,RS_GCF_028607005.1~NZ_CP117295.1,99.223,1544,RS_GCF_028607005.1,urine,none,d__Bacteria;p__Bacillota;c__Bacilli;o__Lactobacillales;f__Lactobacillaceae;g__Limosilactobacillus;s__Limosilactobacillus vaginalis
AF243177.1,RS_GCF_026935945.1~NZ_JAKNNW010000004.1,99.158,1544,RS_GCF_026935945.1,Vaginal fluid,Brazil: Belo Horizonte,d__Bacteria;p__Bacillota;c__Bacilli;o__Lactobacillales;f__Lactobacillaceae;g__Limosilactobacillus;s__Limosilactobacillus vaginalis
AF243177.1,RS_GCF_027681305.1~NZ_JAQDBW010000004.1,99.093,1544,RS_GCF_027681305.1,fecal material [ENVO:00002003],China: Shenzhen,d__Bacteria;p__Bacillota;c__Bacilli;o__Lactobacillales;f__Lactobacillaceae;g__Limosilactobacillus;s__Limosilactobacillus portuensis
AF243177.1,RS_GCF_028607025.1~NZ_CP117296.1,99.093,1544,RS_GCF_028607025.1,urine,none,d__Bacteria;p__Bacillota;c__Bacilli;o__Lactobacillales;f__Lactobacillaceae;g__Limosilactobacillus;s__Limosilactobacillus portuensis
AF243177.1,GB_GCA_002871555.1~PNGN01000029.1,99.093,1544,GB_GCA_002871555.1,catheter,USA: Maywood; IL,d__Bacteria;p__Bacillota;c__Bacilli;o__Lactobacillales;f__Lactobacillaceae;g__Limosilactobacillus;s__Limosilactobacillus portuensis
AF243177.1,RS_GCF_014838745.1~NZ_JABUXR010000037.1,99.028,1544,RS_GCF_014838745.1,urine,Portugal: Porto,d__Bacteria;p__Bacillota;c__Bacilli;o__Lactobacillales;f__Lactobacillaceae;g__Limosilactobacillus;s__Limosilactobacillus urinaemulieris
AF243177.1,GB_GCA_902362445.1~CABIWN010000031.1,98.964,1544,GB_GCA_902362445.1,human gut,none,d__Bacteria;p__Bacillota;c__Bacilli;o__Lactobacillales;f__Lactobacillaceae;g__Limosilactobacillus;s__Limosilactobacillus portuensis
AF243177.1,RS_GCF_014836425.1~NZ_JACSQW010000048.1,98.769,1544,RS_GCF_014836425.1,none,United Kingdom: Norwich,d__Bacteria;p__Bacillota;c__Bacilli;o__Lactobacillales;f__Lactobacillaceae;g__Limosilactobacillus;s__Limosilactobacillus avistercoris
AF243177.1,RS_GCF_021168825.1~NZ_JAJPCV010000031.1,98.51,1544,RS_GCF_021168825.1,none,Lithuania: Vilnius,d__Bacteria;p__Bacillota;c__Bacilli;o__Lactobacillales;f__Lactobacillaceae;g__Limosilactobacillus;s__Limosilactobacillus fastidiosus
AF243177.1,RS_GCF_014145505.1~NZ_JACIUZ010000016.1,98.51,1544,RS_GCF_014145505.1,jejunum,Lithuania: Vilnius,d__Bacteria;p__Bacillota;c__Bacilli;o__Lactobacillales;f__Lactobacillaceae;g__Limosilactobacillus;s__Limosilactobacillus fastidiosus
AF243177.1,RS_GCF_021168855.1~NZ_JAJPCX010000072.1,98.381,1544,RS_GCF_021168855.1,none,Lithuania: Vilnius,d__Bacteria;p__Bacillota;c__Bacilli;o__Lactobacillales;f__Lactobacillaceae;g__Limosilactobacillus;s__Limosilactobacillus fastidiosus
AF243177.1,RS_GCF_014145425.1~NZ_JACIUY010000063.1,98.381,1544,RS_GCF_014145425.1,jejunum,Lithuania: Vilnius,d__Bacteria;p__Bacillota;c__Bacilli;o__Lactobacillales;f__Lactobacillaceae;g__Limosilactobacillus;s__Limosilactobacillus fastidiosus
AF243177.1,RS_GCF_021168875.1~NZ_JAJPCY010000063.1,98.381,1544,RS_GCF_021168875.1,none,Lithuania: Vilnius,d__Bacteria;p__Bacillota;c__Bacilli;o__Lactobacillales;f__Lactobacillaceae;g__Limosilactobacillus;s__Limosilactobacillus fastidiosus
AF243177.1,RS_GCF_021168815.1~NZ_JAJPCW010000060.1,98.381,1544,RS_GCF_021168815.1,none,Lithuania: Vilnius,d__Bacteria;p__Bacillota;c__Bacilli;o__Lactobacillales;f__Lactobacillaceae;g__Limosilactobacillus;s__Limosilactobacillus fastidiosus
AF243177.1,RS_GCF_001436045.1~NZ_AZER01000001.1,97.992,1544,RS_GCF_001436045.1,rye-bran sourdough,Germany,d__Bacteria;p__Bacillota;c__Bacilli;o__Lactobacillales;f__Lactobacillaceae;g__Limosilactobacillus;s__Limosilactobacillus frumenti
AF243177.1,RS_GCF_008876665.1~NZ_CP044534.1,97.927,1544,RS_GCF_008876665.1,rye-bran sourdough,none,d__Bacteria;p__Bacillota;c__Bacilli;o__Lactobacillales;f__Lactobacillaceae;g__Limosilactobacillus;s__Limosilactobacillus frumenti
AF243177.1,RS_GCF_022482305.1~NZ_JAKVPL010000001.1-#2,97.605,1545,RS_GCF_022482305.1,anaerobic bioreactor effluent: solid retention time of 6 days,USA: Madison; WI,d__Bacteria;p__Bacillota;c__Bacilli;o__Lactobacillales;f__Lactobacillaceae;g__Limosilactobacillus;s__Limosilactobacillus sp022482365
AF243177.1,RS_GCF_022482365.1~NZ_JAKVPE010000001.1-#2,97.605,1545,RS_GCF_022482365.1,anaerobic bioreactor effluent: solid retention time of 6 days,USA: Madison; WI,d__Bacteria;p__Bacillota;c__Bacilli;o__Lactobacillales;f__Lactobacillaceae;g__Limosilactobacillus;s__Limosilactobacillus sp022482365
AF243177.1,RS_GCF_002940945.1~NZ_PNFV01000020.1,97.411,1545,RS_GCF_002940945.1,catheter,USA: Maywood; IL,d__Bacteria;p__Bacillota;c__Bacilli;o__Lactobacillales;f__Lactobacillaceae;g__Limosilactobacillus;s__Limosilactobacillus pontis_A
AF243177.1,RS_GCF_030373995.1~NZ_JAUDEM010000088.1,97.346,1545,RS_GCF_030373995.1,caecum,none,d__Bacteria;p__Bacillota;c__Bacilli;o__Lactobacillales;f__Lactobacillaceae;g__Limosilactobacillus;s__Limosilactobacillus gallistercoris
AF243177.1,RS_GCF_009428965.1~NZ_CP045530.1-#2,97.282,1545,RS_GCF_009428965.1,rye sourdough,none,d__Bacteria;p__Bacillota;c__Bacilli;o__Lactobacillales;f__Lactobacillaceae;g__Limosilactobacillus;s__Limosilactobacillus pontis
AF243177.1,RS_GCF_019797825.1~NZ_CP081855.1,97.023,1545,RS_GCF_019797825.1,Maotai Daqu,China: Guizhou Province,d__Bacteria;p__Bacillota;c__Bacilli;o__Lactobacillales;f__Lactobacillaceae;g__Limosilactobacillus;s__Limosilactobacillus panis_A
AF243177.1,RS_GCF_001435915.1~NZ_AZGL01000115.1,99.294,1416,RS_GCF_001435915.1,vaginal swab from patient with trichomoniasis,none,d__Bacteria;p__Bacillota;c__Bacilli;o__Lactobacillales;f__Lactobacillaceae;g__Limosilactobacillus;s__Limosilactobacillus vaginalis
AF243177.1,GB_GCA_002553995.1~PCZE01000054.1,99.431,1407,GB_GCA_002553995.1,ileum,USA: Minnesota,d__Bacteria;p__Bacillota;c__Bacilli;o__Lactobacillales;f__Lactobacillaceae;g__Limosilactobacillus;s__Limosilactobacillus vaginalis
AF243177.1,RS_GCF_000159435.1~NZ_GG693419.1,99.431,1407,RS_GCF_000159435.1,biological product [ENVO:02000043],none,d__Bacteria;p__Bacillota;c__Bacilli;o__Lactobacillales;f__Lactobacillaceae;g__Limosilactobacillus;s__Limosilactobacillus vaginalis
AF243177.1,RS_GCF_001435345.1~NZ_AZGO01000009.1,97.399,1461,RS_GCF_001435345.1,rye sourdough,Germany,d__Bacteria;p__Bacillota;c__Bacilli;o__Lactobacillales;f__Lactobacillaceae;g__Limosilactobacillus;s__Limosilactobacillus pontis
AF243177.1,GB_GCA_002554045.1~PCZC01000097.1,97.007,1470,GB_GCA_002554045.1,ileum,USA: Minnesota,d__Bacteria;p__Bacillota;c__Bacilli;o__Lactobacillales;f__Lactobacillaceae;g__Limosilactobacillus;s__Limosilactobacillus reuteri_E
AF243177.1,RS_GCF_002128525.1~NZ_MIMH01000149.1,97.003,1468,RS_GCF_002128525.1,feces,South Korea,d__Bacteria;p__Bacillota;c__Bacilli;o__Lactobacillales;f__Lactobacillaceae;g__Limosilactobacillus;s__Limosilactobacillus reuteri_D
AF243177.1,RS_GCF_002128685.1~NZ_MIMU01000027.1,97.003,1468,RS_GCF_002128685.1,feces,South Korea,d__Bacteria;p__Bacillota;c__Bacilli;o__Lactobacillales;f__Lactobacillaceae;g__Limosilactobacillus;s__Limosilactobacillus reuteri
AF243177.1,RS_GCF_025189695.1~NZ_RINR01000058.1,97.249,1454,RS_GCF_025189695.1,intestine of human,none,d__Bacteria;p__Bacillota;c__Bacilli;o__Lactobacillales;f__Lactobacillaceae;g__Limosilactobacillus;s__Limosilactobacillus reuteri
AF243177.1,RS_GCF_020785655.1~NZ_JAJGVW010000018.1,97.047,1456,RS_GCF_020785655.1,none,none,d__Bacteria;p__Bacillota;c__Bacilli;o__Lactobacillales;f__Lactobacillaceae;g__Limosilactobacillus;s__Limosilactobacillus rodentium
AF243177.1,RS_GCF_020785995.1~NZ_JAJGWI010000248.1,97.045,1455,RS_GCF_020785995.1,none,USA: Nebraska,d__Bacteria;p__Bacillota;c__Bacilli;o__Lactobacillales;f__Lactobacillaceae;g__Limosilactobacillus;s__Limosilactobacillus reuteri_E
AF243177.1,RS_GCF_020785915.1~NZ_JAJGWJ010000240.1,97.045,1455,RS_GCF_020785915.1,none,USA: Nebraska,d__Bacteria;p__Bacillota;c__Bacilli;o__Lactobacillales;f__Lactobacillaceae;g__Limosilactobacillus;s__Limosilactobacillus reuteri_E
AF243177.1,RS_GCF_021229095.1~NZ_JAJQWM010000143.1,97.045,1455,RS_GCF_021229095.1,fecal specimen of healthy infant,Bulgaria,d__Bacteria;p__Bacillota;c__Bacilli;o__Lactobacillales;f__Lactobacillaceae;g__Limosilactobacillus;s__Limosilactobacillus reuteri_E
AF243177.1,RS_GCF_020785895.1~NZ_JAJGWH010000228.1,97.045,1455,RS_GCF_020785895.1,none,USA: Nebraska,d__Bacteria;p__Bacillota;c__Bacilli;o__Lactobacillales;f__Lactobacillaceae;g__Limosilactobacillus;s__Limosilactobacillus reuteri_E
AF243177.1,RS_GCF_002112195.1~NZ_NBBH01000108.1,97.045,1455,RS_GCF_002112195.1,breast milk,South Africa,d__Bacteria;p__Bacillota;c__Bacilli;o__Lactobacillales;f__Lactobacillaceae;g__Limosilactobacillus;s__Limosilactobacillus reuteri_E
AF243177.1,RS_GCF_002112225.1~NZ_NBBD01000048.1,97.045,1455,RS_GCF_002112225.1,feces,Japan,d__Bacteria;p__Bacillota;c__Bacilli;o__Lactobacillales;f__Lactobacillaceae;g__Limosilactobacillus;s__Limosilactobacillus reuteri_E
AF243177.1,RS_GCF_000179455.1~NZ_AEAX01000072.1,97.045,1455,RS_GCF_000179455.1,none,none,d__Bacteria;p__Bacillota;c__Bacilli;o__Lactobacillales;f__Lactobacillaceae;g__Limosilactobacillus;s__Limosilactobacillus reuteri
AF243177.1,RS_GCF_003046055.1~NZ_PZQN01000047.1,97.041,1453,RS_GCF_003046055.1,sourdough,Turkey,d__Bacteria;p__Bacillota;c__Bacilli;o__Lactobacillales;f__Lactobacillaceae;g__Limosilactobacillus;s__Limosilactobacillus reuteri_E
AF243177.1,RS_GCF_000159615.1~NZ_GG693685.1,97.093,1445,RS_GCF_000159615.1,biological product [ENVO:02000043],none,d__Bacteria;p__Bacillota;c__Bacilli;o__Lactobacillales;f__Lactobacillaceae;g__Limosilactobacillus;s__Limosilactobacillus reuteri_E
AF243177.1,RS_GCF_002160565.1~NZ_NFKV01000084.1,97.093,1445,RS_GCF_002160565.1,caecum,none,d__Bacteria;p__Bacillota;c__Bacilli;o__Lactobacillales;f__Lactobacillaceae;g__Limosilactobacillus;s__Limosilactobacillus reuteri_E
AF243177.1,RS_GCF_932750685.1~NZ_CAKOBX010000019.1,99.181,1343,RS_GCF_932750685.1,gut content,none,d__Bacteria;p__Bacillota;c__Bacilli;o__Lactobacillales;f__Lactobacillaceae;g__Limosilactobacillus;s__Limosilactobacillus urinaemulieris
AF243177.1,RS_GCF_020785475.1~NZ_JAJGVJ010000020.1,97.376,1410,RS_GCF_020785475.1,none,Papua New Guinea,d__Bacteria;p__Bacillota;c__Bacilli;o__Lactobacillales;f__Lactobacillaceae;g__Limosilactobacillus;s__Limosilactobacillus reuteri_G
AF243177.1,RS_GCF_020785325.1~NZ_JAJGVF010000023.1,97.376,1410,RS_GCF_020785325.1,none,Papua New Guinea,d__Bacteria;p__Bacillota;c__Bacilli;o__Lactobacillales;f__Lactobacillaceae;g__Limosilactobacillus;s__Limosilactobacillus reuteri_G
AF243177.1,RS_GCF_020785255.1~NZ_JAJGVD010000022.1,97.376,1410,RS_GCF_020785255.1,none,Papua New Guinea,d__Bacteria;p__Bacillota;c__Bacilli;o__Lactobacillales;f__Lactobacillaceae;g__Limosilactobacillus;s__Limosilactobacillus reuteri_G
AF243177.1,RS_GCF_020785335.1~NZ_JAJGVG010000040.1,97.376,1410,RS_GCF_020785335.1,none,Papua New Guinea,d__Bacteria;p__Bacillota;c__Bacilli;o__Lactobacillales;f__Lactobacillaceae;g__Limosilactobacillus;s__Limosilactobacillus reuteri_G
AF243177.1,RS_GCF_020785415.1~NZ_JAJGVI010000023.1,97.376,1410,RS_GCF_020785415.1,none,Papua New Guinea,d__Bacteria;p__Bacillota;c__Bacilli;o__Lactobacillales;f__Lactobacillaceae;g__Limosilactobacillus;s__Limosilactobacillus reuteri_G
AF243177.1,RS_GCF_020785355.1~NZ_JAJGVH010000023.1,97.376,1410,RS_GCF_020785355.1,none,Papua New Guinea,d__Bacteria;p__Bacillota;c__Bacilli;o__Lactobacillales;f__Lactobacillaceae;g__Limosilactobacillus;s__Limosilactobacillus reuteri_G
AF243177.1,RS_GCF_009649565.1~NZ_WJNA01000050.1,97.376,1410,RS_GCF_009649565.1,gut,none,d__Bacteria;p__Bacillota;c__Bacilli;o__Lactobacillales;f__Lactobacillaceae;g__Limosilactobacillus;s__Limosilactobacillus rodentium
AF243177.1,RS_GCF_002253905.1~NZ_NGPN01000047.1,97.376,1410,RS_GCF_002253905.1,forestomach,United Kingdom: Scotland,d__Bacteria;p__Bacillota;c__Bacilli;o__Lactobacillales;f__Lactobacillaceae;g__Limosilactobacillus;s__Limosilactobacillus rodentium
AF243177.1,RS_GCF_020785075.1~NZ_JAJGUT010000233.1,97.372,1408,RS_GCF_020785075.1,none,USA: Nebraska,d__Bacteria;p__Bacillota;c__Bacilli;o__Lactobacillales;f__Lactobacillaceae;g__Limosilactobacillus;s__Limosilactobacillus reuteri
AF243177.1,RS_GCF_021168665.1~NZ_JAJPDE010000013.1,97.37,1407,RS_GCF_021168665.1,none,Lithuania: Vilnius,d__Bacteria;p__Bacillota;c__Bacilli;o__Lactobacillales;f__Lactobacillaceae;g__Limosilactobacillus;s__Limosilactobacillus agrestis
AF243177.1,RS_GCF_025189645.1~NZ_RINP01000046.1,97.305,1410,RS_GCF_025189645.1,none,none,d__Bacteria;p__Bacillota;c__Bacilli;o__Lactobacillales;f__Lactobacillaceae;g__Limosilactobacillus;s__Limosilactobacillus reuteri
AF243177.1,RS_GCF_025189625.1~NZ_RINO01000138.1,97.305,1410,RS_GCF_025189625.1,none,none,d__Bacteria;p__Bacillota;c__Bacilli;o__Lactobacillales;f__Lactobacillaceae;g__Limosilactobacillus;s__Limosilactobacillus reuteri
AF243177.1,RS_GCF_019042695.1~NZ_JAHPJJ010000041.1,99.17,1326,RS_GCF_019042695.1,vaginal swabs,Taiwan: Taoyuan City,d__Bacteria;p__Bacillota;c__Bacilli;o__Lactobacillales;f__Lactobacillaceae;g__Limosilactobacillus;s__Limosilactobacillus portuensis
AF243177.1,GB_GCA_948878005.1~CAQSGE010000099.1,97.042,1420,GB_GCA_948878005.1,Small intestine,none,d__Bacteria;p__Bacillota;c__Bacilli;o__Lactobacillales;f__Lactobacillaceae;g__Limosilactobacillus;s__Limosilactobacillus reuteri
AF243177.1,RS_GCF_002128705.1~NZ_MIMW01000008.1,97.042,1420,RS_GCF_002128705.1,feces,South Korea,d__Bacteria;p__Bacillota;c__Bacilli;o__Lactobacillales;f__Lactobacillaceae;g__Limosilactobacillus;s__Limosilactobacillus reuteri
AF243177.1,GB_GCA_001756765.1~MAGB01000178.1,97.35,1396,GB_GCA_001756765.1,curd,India: Pune,d__Bacteria;p__Bacillota;c__Bacilli;o__Lactobacillales;f__Lactobacillaceae;g__Limosilactobacillus;s__Limosilactobacillus reuteri
AF243177.1,RS_GCF_947381495.1~NZ_CANCWK010000094.1,97.664,1370,RS_GCF_947381495.1,none,none,d__Bacteria;p__Bacillota;c__Bacilli;o__Lactobacillales;f__Lactobacillaceae;g__Limosilactobacillus;s__Limosilactobacillus gallistercoris
AF243177.1,RS_GCF_013778525.1~NZ_JAAUWX010000030.1,98.642,1325,RS_GCF_013778525.1,rye sourdough,Finland: Helsinki,d__Bacteria;p__Bacillota;c__Bacilli;o__Lactobacillales;f__Lactobacillaceae;g__Limosilactobacillus;s__Limosilactobacillus frumenti
AF243177.1,RS_GCF_025189725.1~NZ_RINS01000125.1,97.325,1383,RS_GCF_025189725.1,whey,France,d__Bacteria;p__Bacillota;c__Bacilli;o__Lactobacillales;f__Lactobacillaceae;g__Limosilactobacillus;s__Limosilactobacillus reuteri
AF243177.1,RS_GCF_030372225.1~NZ_JAUDDW010000083.1,97.714,1356,RS_GCF_030372225.1,caecum,none,d__Bacteria;p__Bacillota;c__Bacilli;o__Lactobacillales;f__Lactobacillaceae;g__Limosilactobacillus;s__Limosilactobacillus gallistercoris
AF243177.1,RS_GCF_027156755.1~NZ_JAKHMN010000046.1,99.377,1284,RS_GCF_027156755.1,Human vagina,USA,d__Bacteria;p__Bacillota;c__Bacilli;o__Lactobacillales;f__Lactobacillaceae;g__Limosilactobacillus;s__Limosilactobacillus vaginalis
AF243177.1,RS_GCF_947381785.1~NZ_CANCWZ010000060.1,99.377,1284,RS_GCF_947381785.1,none,none,d__Bacteria;p__Bacillota;c__Bacilli;o__Lactobacillales;f__Lactobacillaceae;g__Limosilactobacillus;s__Limosilactobacillus vaginalis
AF243177.1,RS_GCF_027156205.1~NZ_JAKHNI010000051.1,99.377,1284,RS_GCF_027156205.1,Human vagina,USA,d__Bacteria;p__Bacillota;c__Bacilli;o__Lactobacillales;f__Lactobacillaceae;g__Limosilactobacillus;s__Limosilactobacillus vaginalis
AF243177.1,RS_GCF_027156625.1~NZ_JAKHMM010000047.1,99.377,1284,RS_GCF_027156625.1,Human vagina,USA,d__Bacteria;p__Bacillota;c__Bacilli;o__Lactobacillales;f__Lactobacillaceae;g__Limosilactobacillus;s__Limosilactobacillus vaginalis
AF243177.1,RS_GCF_027156605.1~NZ_JAKHMO010000046.1,99.377,1284,RS_GCF_027156605.1,Human vagina,USA,d__Bacteria;p__Bacillota;c__Bacilli;o__Lactobacillales;f__Lactobacillaceae;g__Limosilactobacillus;s__Limosilactobacillus vaginalis
AF243177.1,RS_GCF_027156685.1~NZ_JAKHMK010000047.1,99.377,1284,RS_GCF_027156685.1,Human vagina,USA,d__Bacteria;p__Bacillota;c__Bacilli;o__Lactobacillales;f__Lactobacillaceae;g__Limosilactobacillus;s__Limosilactobacillus vaginalis
AF243177.1,RS_GCF_004349685.1~NZ_SATM01000070.1,97.633,1352,RS_GCF_004349685.1,none,USA,d__Bacteria;p__Bacillota;c__Bacilli;o__Lactobacillales;f__Lactobacillaceae;g__Limosilactobacillus;s__Limosilactobacillus reuteri
AF243177.1,RS_GCF_004349655.1~NZ_SATN01000070.1,97.633,1352,RS_GCF_004349655.1,none,USA,d__Bacteria;p__Bacillota;c__Bacilli;o__Lactobacillales;f__Lactobacillaceae;g__Limosilactobacillus;s__Limosilactobacillus reuteri
AF243177.1,RS_GCF_018966925.1~NZ_JAHLXI010000161.1,97.559,1352,RS_GCF_018966925.1,Infant feces,Russia: Moscow,d__Bacteria;p__Bacillota;c__Bacilli;o__Lactobacillales;f__Lactobacillaceae;g__Limosilactobacillus;s__Limosilactobacillus reuteri_E
AF243177.1,RS_GCF_001703935.1~NZ_MBLU01000180.1,97.559,1352,RS_GCF_001703935.1,feces,Israel: Tel-Hashomer,d__Bacteria;p__Bacillota;c__Bacilli;o__Lactobacillales;f__Lactobacillaceae;g__Limosilactobacillus;s__Limosilactobacillus reuteri
AF243177.1,RS_GCF_020784835.1~NZ_JAJGUF010000067.1,97.559,1352,RS_GCF_020784835.1,none,USA,d__Bacteria;p__Bacillota;c__Bacilli;o__Lactobacillales;f__Lactobacillaceae;g__Limosilactobacillus;s__Limosilactobacillus reuteri
AF243177.1,RS_GCF_022509245.1~NZ_JAJAOY010000180.1,97.559,1352,RS_GCF_022509245.1,Dahi fermented milk product,Pakistan: Islamabad,d__Bacteria;p__Bacillota;c__Bacilli;o__Lactobacillales;f__Lactobacillaceae;g__Limosilactobacillus;s__Limosilactobacillus reuteri
AF243177.1,RS_GCF_020784845.1~NZ_JAJGUG010000073.1,97.559,1352,RS_GCF_020784845.1,none,USA,d__Bacteria;p__Bacillota;c__Bacilli;o__Lactobacillales;f__Lactobacillaceae;g__Limosilactobacillus;s__Limosilactobacillus reuteri
AF243177.1,RS_GCF_025189765.1~NZ_RINU01000064.1,97.895,1330,RS_GCF_025189765.1,whey (from Comte),France,d__Bacteria;p__Bacillota;c__Bacilli;o__Lactobacillales;f__Lactobacillaceae;g__Limosilactobacillus;s__Limosilactobacillus reuteri
AF243177.1,RS_GCF_947381575.1~NZ_CANCWD010000071.1,97.892,1328,RS_GCF_947381575.1,none,none,d__Bacteria;p__Bacillota;c__Bacilli;o__Lactobacillales;f__Lactobacillaceae;g__Limosilactobacillus;s__Limosilactobacillus reuteri_E
AF243177.1,RS_GCF_021168715.1~NZ_JAJPDH010000011.1,98.103,1318,RS_GCF_021168715.1,none,Lithuania: Vilnius,d__Bacteria;p__Bacillota;c__Bacilli;o__Lactobacillales;f__Lactobacillaceae;g__Limosilactobacillus;s__Limosilactobacillus balticus
AF243177.1,RS_GCF_014145615.1~NZ_JACIVH010000023.1,98.103,1318,RS_GCF_014145615.1,jejunum,Lithuania: Vilnius,d__Bacteria;p__Bacillota;c__Bacilli;o__Lactobacillales;f__Lactobacillaceae;g__Limosilactobacillus;s__Limosilactobacillus balticus
AF243177.1,RS_GCF_021168735.1~NZ_JAJPDJ010000020.1,98.103,1318,RS_GCF_021168735.1,none,Lithuania: Vilnius,d__Bacteria;p__Bacillota;c__Bacilli;o__Lactobacillales;f__Lactobacillaceae;g__Limosilactobacillus;s__Limosilactobacillus balticus
AF243177.1,RS_GCF_020784915.1~NZ_JAJGUK010000012.1,97.82,1330,RS_GCF_020784915.1,none,USA: California,d__Bacteria;p__Bacillota;c__Bacilli;o__Lactobacillales;f__Lactobacillaceae;g__Limosilactobacillus;s__Limosilactobacillus reuteri_H
AF243177.1,RS_GCF_012971105.1~NZ_VTTC01000122.1,97.82,1330,RS_GCF_012971105.1,koumiss,China: Inner Mongolia,d__Bacteria;p__Bacillota;c__Bacilli;o__Lactobacillales;f__Lactobacillaceae;g__Limosilactobacillus;s__Limosilactobacillus reuteri_G
AF243177.1,RS_GCF_012971025.1~NZ_VRYL01000149.1,97.82,1330,RS_GCF_012971025.1,acid gruel,China: Inner Mongolia,d__Bacteria;p__Bacillota;c__Bacilli;o__Lactobacillales;f__Lactobacillaceae;g__Limosilactobacillus;s__Limosilactobacillus reuteri_G
AF243177.1,RS_GCF_020785115.1~NZ_JAJGUW010000057.1,97.82,1330,RS_GCF_020785115.1,none,USA: California,d__Bacteria;p__Bacillota;c__Bacilli;o__Lactobacillales;f__Lactobacillaceae;g__Limosilactobacillus;s__Limosilactobacillus reuteri
AF243177.1,RS_GCF_020784995.1~NZ_JAJGUO010000160.1,97.89,1327,RS_GCF_020784995.1,none,Canada: Calgary,d__Bacteria;p__Bacillota;c__Bacilli;o__Lactobacillales;f__Lactobacillaceae;g__Limosilactobacillus;s__Limosilactobacillus reuteri
AF243177.1,RS_GCF_020784375.1~NZ_JAJGTM010000027.1,97.816,1328,RS_GCF_020784375.1,none,Canada: Edmonton,d__Bacteria;p__Bacillota;c__Bacilli;o__Lactobacillales;f__Lactobacillaceae;g__Limosilactobacillus;s__Limosilactobacillus reuteri_G
AF243177.1,RS_GCF_020784465.1~NZ_JAJGTL010000025.1,97.816,1328,RS_GCF_020784465.1,none,Canada: Edmonton,d__Bacteria;p__Bacillota;c__Bacilli;o__Lactobacillales;f__Lactobacillaceae;g__Limosilactobacillus;s__Limosilactobacillus reuteri_G
AF243177.1,RS_GCF_016900715.1~NZ_JACJKI010000118.1,97.816,1328,RS_GCF_016900715.1,none,none,d__Bacteria;p__Bacillota;c__Bacilli;o__Lactobacillales;f__Lactobacillaceae;g__Limosilactobacillus;s__Limosilactobacillus reuteri_E
AF243177.1,RS_GCF_020785815.1~NZ_JAJGWD010000028.1,97.816,1328,RS_GCF_020785815.1,none,Brazil,d__Bacteria;p__Bacillota;c__Bacilli;o__Lactobacillales;f__Lactobacillaceae;g__Limosilactobacillus;s__Limosilactobacillus reuteri_E
AF243177.1,RS_GCF_947381675.1~NZ_CANCWL010000066.1,97.816,1328,RS_GCF_947381675.1,none,none,d__Bacteria;p__Bacillota;c__Bacilli;o__Lactobacillales;f__Lactobacillaceae;g__Limosilactobacillus;s__Limosilactobacillus reuteri_E
AF243177.1,RS_GCF_012971115.1~NZ_VRYJ01000035.1,97.744,1330,RS_GCF_012971115.1,koumiss,China: Inner Mongolia,d__Bacteria;p__Bacillota;c__Bacilli;o__Lactobacillales;f__Lactobacillaceae;g__Limosilactobacillus;s__Limosilactobacillus reuteri_G
AF243177.1,RS_GCF_012971095.1~NZ_VTTD01000105.1,97.744,1330,RS_GCF_012971095.1,koumiss,China: Inner Mongolia,d__Bacteria;p__Bacillota;c__Bacilli;o__Lactobacillales;f__Lactobacillaceae;g__Limosilactobacillus;s__Limosilactobacillus reuteri_G
AF243177.1,RS_GCF_009649095.1~NZ_WJNE01000057.1,98.027,1318,RS_GCF_009649095.1,gut,none,d__Bacteria;p__Bacillota;c__Bacilli;o__Lactobacillales;f__Lactobacillaceae;g__Limosilactobacillus;s__Limosilactobacillus reuteri_G
AF243177.1,RS_GCF_012971125.1~NZ_VTTF01000158.1,97.744,1330,RS_GCF_012971125.1,koumiss,China: Inner Mongolia,d__Bacteria;p__Bacillota;c__Bacilli;o__Lactobacillales;f__Lactobacillaceae;g__Limosilactobacillus;s__Limosilactobacillus reuteri_G
AF243177.1,RS_GCF_012971085.1~NZ_VTTE01000158.1,97.744,1330,RS_GCF_012971085.1,koumiss,China: Inner Mongolia,d__Bacteria;p__Bacillota;c__Bacilli;o__Lactobacillales;f__Lactobacillaceae;g__Limosilactobacillus;s__Limosilactobacillus reuteri_G
AF243177.1,RS_GCF_009649445.1~NZ_WJMY01000053.1,98.027,1318,RS_GCF_009649445.1,gut,none,d__Bacteria;p__Bacillota;c__Bacilli;o__Lactobacillales;f__Lactobacillaceae;g__Limosilactobacillus;s__Limosilactobacillus reuteri_G
AF243177.1,RS_GCF_012971035.1~NZ_VTTB01000149.1,97.744,1330,RS_GCF_012971035.1,koumiss,China: Inner Mongolia,d__Bacteria;p__Bacillota;c__Bacilli;o__Lactobacillales;f__Lactobacillaceae;g__Limosilactobacillus;s__Limosilactobacillus reuteri_G
AF243177.1,RS_GCF_020784295.1~NZ_JAJGTH010000119.1,98.027,1318,RS_GCF_020784295.1,none,Japan,d__Bacteria;p__Bacillota;c__Bacilli;o__Lactobacillales;f__Lactobacillaceae;g__Limosilactobacillus;s__Limosilactobacillus rodentium
AF243177.1,RS_GCF_020784305.1~NZ_JAJGTG010000109.1,98.027,1318,RS_GCF_020784305.1,none,Japan,d__Bacteria;p__Bacillota;c__Bacilli;o__Lactobacillales;f__Lactobacillaceae;g__Limosilactobacillus;s__Limosilactobacillus reuteri
AF243177.1,RS_GCF_020784255.1~NZ_JAJGTE010000042.1,98.027,1318,RS_GCF_020784255.1,none,Canada: Calgary,d__Bacteria;p__Bacillota;c__Bacilli;o__Lactobacillales;f__Lactobacillaceae;g__Limosilactobacillus;s__Limosilactobacillus reuteri
AF243177.1,RS_GCF_020784605.1~NZ_JAJGTW010000012.1,98.027,1318,RS_GCF_020784605.1,none,Canada: Vancouver,d__Bacteria;p__Bacillota;c__Bacilli;o__Lactobacillales;f__Lactobacillaceae;g__Limosilactobacillus;s__Limosilactobacillus reuteri
AF243177.1,RS_GCF_014145525.1~NZ_JACIVC010000071.1,97.741,1328,RS_GCF_014145525.1,fecal sample,USA: San Francisco; California,d__Bacteria;p__Bacillota;c__Bacilli;o__Lactobacillales;f__Lactobacillaceae;g__Limosilactobacillus;s__Limosilactobacillus albertensis
AF243177.1,RS_GCF_021168615.1~NZ_JAJPDC010000063.1,97.741,1328,RS_GCF_021168615.1,none,USA: San Francisco; California,d__Bacteria;p__Bacillota;c__Bacilli;o__Lactobacillales;f__Lactobacillaceae;g__Limosilactobacillus;s__Limosilactobacillus albertensis
AF243177.1,RS_GCF_021168595.1~NZ_JAJPDB010000059.1,97.741,1328,RS_GCF_021168595.1,none,USA: San Francisco; California,d__Bacteria;p__Bacillota;c__Bacilli;o__Lactobacillales;f__Lactobacillaceae;g__Limosilactobacillus;s__Limosilactobacillus albertensis
AF243177.1,RS_GCF_020784205.1~NZ_JAJGTD010000028.1,98.24,1307,RS_GCF_020784205.1,none,USA: Nebraska,d__Bacteria;p__Bacillota;c__Bacilli;o__Lactobacillales;f__Lactobacillaceae;g__Limosilactobacillus;s__Limosilactobacillus reuteri
AF243177.1,RS_GCF_020784935.1~NZ_JAJGUL010000027.1,98.165,1308,RS_GCF_020784935.1,none,USA: California,d__Bacteria;p__Bacillota;c__Bacilli;o__Lactobacillales;f__Lactobacillaceae;g__Limosilactobacillus;s__Limosilactobacillus reuteri_H
AF243177.1,RS_GCF_020785035.1~NZ_JAJGUR010000130.1,98.165,1308,RS_GCF_020785035.1,none,USA: California,d__Bacteria;p__Bacillota;c__Bacilli;o__Lactobacillales;f__Lactobacillaceae;g__Limosilactobacillus;s__Limosilactobacillus reuteri_G
AF243177.1,RS_GCF_943193105.1~NZ_CALPCW010000024.1,98.826,1278,RS_GCF_943193105.1,gut content,none,d__Bacteria;p__Bacillota;c__Bacilli;o__Lactobacillales;f__Lactobacillaceae;g__Limosilactobacillus;s__Limosilactobacillus avistercoris
AF243177.1,RS_GCF_003175025.1~NZ_QGHO01000140.1,98.232,1301,RS_GCF_003175025.1,feces,China,d__Bacteria;p__Bacillota;c__Bacilli;o__Lactobacillales;f__Lactobacillaceae;g__Limosilactobacillus;s__Limosilactobacillus reuteri
AF243177.1,RS_GCF_003413665.1~NZ_QRDF01000103.1,98.202,1279,RS_GCF_003413665.1,feces,China: Guangzhou,d__Bacteria;p__Bacillota;c__Bacilli;o__Lactobacillales;f__Lactobacillaceae;g__Limosilactobacillus;s__Limosilactobacillus reuteri
AF243177.1,RS_GCF_020785305.1~NZ_JAJGUZ010000079.1,98.202,1279,RS_GCF_020785305.1,none,USA: Nebraska,d__Bacteria;p__Bacillota;c__Bacilli;o__Lactobacillales;f__Lactobacillaceae;g__Limosilactobacillus;s__Limosilactobacillus reuteri
AF243177.1,RS_GCF_940926095.1~NZ_CALNWZ010000085.1,98.202,1279,RS_GCF_940926095.1,human vagina,none,d__Bacteria;p__Bacillota;c__Bacilli;o__Lactobacillales;f__Lactobacillaceae;g__Limosilactobacillus;s__Limosilactobacillus reuteri
AF243177.1,RS_GCF_020785025.1~NZ_JAJGUP010000087.1,98.202,1279,RS_GCF_020785025.1,none,USA: California,d__Bacteria;p__Bacillota;c__Bacilli;o__Lactobacillales;f__Lactobacillaceae;g__Limosilactobacillus;s__Limosilactobacillus reuteri
AF243177.1,RS_GCF_025189745.1~NZ_RINT01000064.1,98.202,1279,RS_GCF_025189745.1,whey (from Comte),France,d__Bacteria;p__Bacillota;c__Bacilli;o__Lactobacillales;f__Lactobacillaceae;g__Limosilactobacillus;s__Limosilactobacillus reuteri
AF243177.1,RS_GCF_020784755.1~NZ_JAJGUC010000024.1,98.202,1279,RS_GCF_020784755.1,none,USA: Nebraska,d__Bacteria;p__Bacillota;c__Bacilli;o__Lactobacillales;f__Lactobacillaceae;g__Limosilactobacillus;s__Limosilactobacillus reuteri
AF243177.1,RS_GCF_020785185.1~NZ_JAJGUX010000083.1,98.202,1279,RS_GCF_020785185.1,none,USA: Nebraska,d__Bacteria;p__Bacillota;c__Bacilli;o__Lactobacillales;f__Lactobacillaceae;g__Limosilactobacillus;s__Limosilactobacillus reuteri
AF243177.1,RS_GCF_020784715.1~NZ_JAJGUB010000029.1,98.202,1279,RS_GCF_020784715.1,none,USA: Nebraska,d__Bacteria;p__Bacillota;c__Bacilli;o__Lactobacillales;f__Lactobacillaceae;g__Limosilactobacillus;s__Limosilactobacillus reuteri
AF243177.1,RS_GCF_020785175.1~NZ_JAJGUY010000016.1,98.202,1279,RS_GCF_020785175.1,none,USA: Nebraska,d__Bacteria;p__Bacillota;c__Bacilli;o__Lactobacillales;f__Lactobacillaceae;g__Limosilactobacillus;s__Limosilactobacillus reuteri
AF243177.1,RS_GCF_011065435.1~NZ_WHOJ01000110.1,98.202,1279,RS_GCF_011065435.1,feces,Italy,d__Bacteria;p__Bacillota;c__Bacilli;o__Lactobacillales;f__Lactobacillaceae;g__Limosilactobacillus;s__Limosilactobacillus reuteri
AF243177.1,RS_GCF_003061685.1~NZ_QAHC01000064.1,98.202,1279,RS_GCF_003061685.1,Commercial dietary supplements,USA: MD,d__Bacteria;p__Bacillota;c__Bacilli;o__Lactobacillales;f__Lactobacillaceae;g__Limosilactobacillus;s__Limosilactobacillus reuteri
AF243177.1,RS_GCF_020784315.1~NZ_JAJGTA010000127.1,98.202,1279,RS_GCF_020784315.1,none,USA: Nebraska,d__Bacteria;p__Bacillota;c__Bacilli;o__Lactobacillales;f__Lactobacillaceae;g__Limosilactobacillus;s__Limosilactobacillus reuteri
AF243177.1,RS_GCF_020785015.1~NZ_JAJGUQ010000051.1,98.125,1280,RS_GCF_020785015.1,none,USA: California,d__Bacteria;p__Bacillota;c__Bacilli;o__Lactobacillales;f__Lactobacillaceae;g__Limosilactobacillus;s__Limosilactobacillus reuteri_G
AF243177.1,RS_GCF_020784895.1~NZ_JAJGUJ010000055.1,98.125,1280,RS_GCF_020784895.1,none,USA: California,d__Bacteria;p__Bacillota;c__Bacilli;o__Lactobacillales;f__Lactobacillaceae;g__Limosilactobacillus;s__Limosilactobacillus reuteri_G
AF243177.1,RS_GCF_020785095.1~NZ_JAJGUS010000117.1,98.125,1280,RS_GCF_020785095.1,none,USA: California,d__Bacteria;p__Bacillota;c__Bacilli;o__Lactobacillales;f__Lactobacillaceae;g__Limosilactobacillus;s__Limosilactobacillus reuteri
AF243177.1,RS_GCF_020785135.1~NZ_JAJGUV010000076.1,98.124,1279,RS_GCF_020785135.1,none,USA: California,d__Bacteria;p__Bacillota;c__Bacilli;o__Lactobacillales;f__Lactobacillaceae;g__Limosilactobacillus;s__Limosilactobacillus reuteri_H
AF243177.1,RS_GCF_020784195.1~NZ_JAJGTC010000060.1,98.124,1279,RS_GCF_020784195.1,none,USA: California,d__Bacteria;p__Bacillota;c__Bacilli;o__Lactobacillales;f__Lactobacillaceae;g__Limosilactobacillus;s__Limosilactobacillus reuteri_H
AF243177.1,RS_GCF_020784975.1~NZ_JAJGUN010000109.1,98.258,1263,RS_GCF_020784975.1,none,Canada: Calgary,d__Bacteria;p__Bacillota;c__Bacilli;o__Lactobacillales;f__Lactobacillaceae;g__Limosilactobacillus;s__Limosilactobacillus reuteri
AF243177.1,RS_GCF_020785675.1~NZ_JAJGVY010000035.1,98.18,1264,RS_GCF_020785675.1,none,USA,d__Bacteria;p__Bacillota;c__Bacilli;o__Lactobacillales;f__Lactobacillaceae;g__Limosilactobacillus;s__Limosilactobacillus reuteri_E
